Country Name,Country Code,Series,Series Code,1970 [YR1970],1971 [YR1971],1972 [YR1972],1973 [YR1973],1974 [YR1974],1975 [YR1975],1976 [YR1976],1977 [YR1977],1978 [YR1978],1979 [YR1979],1980 [YR1980],1981 [YR1981],1982 [YR1982],1983 [YR1983],1984 [YR1984],1985 [YR1985],1986 [YR1986],1987 [YR1987],1988 [YR1988],1989 [YR1989],1990 [YR1990],1991 [YR1991],1992 [YR1992],1993 [YR1993],1994 [YR1994],1995 [YR1995],1996 [YR1996],1997 [YR1997],1998 [YR1998],1999 [YR1999],2000 [YR2000],2001 [YR2001],2002 [YR2002],2003 [YR2003],2004 [YR2004],2005 [YR2005],2006 [YR2006],2007 [YR2007],2008 [YR2008],2009 [YR2009],2010 [YR2010],2011 [YR2011],2012 [YR2012],2013 [YR2013],2014 [YR2014],2015 [YR2015],2016 [YR2016],2017 [YR2017],2018 [YR2018],2019 [YR2019],2020 [YR2020]
Afghanistan,AFG,"Adult illiterate population, 15+ years, both sexes (number)",UIS.LP.AG15T99,..,..,..,..,..,..,..,..,..,5931821,..,..,..,..,..,..,..,..,..,..,..,..,..,..,..,..,..,..,..,..,..,..,..,..,..,..,..,..,..,..,..,10777643,..,..,..,..,..,..,12053875,..,..
Albania,ALB,"Adult illiterate population, 15+ years, both sexes (number)",UIS.LP.AG15T99,..,..,..,..,..,..,..,..,..,..,..,..,..,..,..,..,..,..,..,..,..,..,..,..,..,..,..,..,..,..,..,28139,..,..,..,..,..,..,91796,..,..,72533,63752,..,..,..,..,..,44114,..,..
Algeria,DZA,"Adult illiterate population, 15+ years, both sexes (number)",UIS.LP.AG15T99,..,..,..,..,..,..,..,..,..,..,..,..,..,..,..,..,..,6612798,..,..,..,..,..,..,..,..,..,..,..,..,..,..,6555476,..,..,..,6573832,..,6251950,..,..,..,..,..,..,..,..,..,5484148,..,..
American Samoa,ASM,"Adult illiterate population, 15+ years, both sexes (number)",UIS.LP.AG15T99,..,..,..,..,..,..,..,..,..,..,515,..,..,..,..,..,..,..,..,..,..,..,..,..,..,..,..,..,..,..,..,..,..,..,..,..,..,..,..,..,..,..,..,..,..,..,..,..,..,..,..
Andorra,AND,"Adult illiterate population, 15+ years, both sexes (number)",UIS.LP.AG15T99,..,..,..,..,..,..,..,..,..,..,..,..,..,..,..,..,..,..,..,..,..,..,..,..,..,..,..,..,..,..,..,..,..,..,..,..,..,..,..,..,..,..,..,..,..,..,..,..,..,..,..
Angola,AGO,"Adult illiterate population, 15+ years, both sexes (number)",UIS.LP.AG15T99,..,..,..,..,..,..,..,..,..,..,..,..,..,..,..,..,..,..,..,..,..,..,..,..,..,..,..,..,..,..,..,2822500,..,..,..,..,..,..,..,..,..,..,..,..,4778273,..,..,..,..,..,..
Antigua and Barbuda,ATG,"Adult illiterate population, 15+ years, both sexes (number)",UIS.LP.AG15T99,..,..,..,..,..,..,..,..,..,..,..,..,..,..,..,..,..,..,..,..,..,..,..,..,..,..,..,..,..,..,..,581,..,..,..,..,..,..,..,..,..,719,..,..,..,770,..,..,..,..,..
Arab World,ARB,"Adult illiterate population, 15+ years, both sexes (number)",UIS.LP.AG15T99,..,..,..,..,..,..,..,46048607,47319030,48592397,49813619,50949877,52000526,53539355,54423895,55322352,56053995,57012665,57623505,58322920,58941173,59387491,60047684,61000125,61792341,62318028,62105627,62740975,62717230,62864497,63063797,62926862,62739267,59571281,59568023,62412118,66554097,67512251,67498969,72434869,72352041,69980652,63327625,66048708,63005468,70375043,68170829,67167385,76631413,77517844,..
Argentina,ARG,"Adult illiterate population, 15+ years, both sexes (number)",UIS.LP.AG15T99,..,..,..,..,..,..,..,..,..,..,1181722,..,..,..,..,..,..,..,..,..,..,908057,..,..,..,..,..,..,..,..,..,751201,..,..,..,..,397125,..,..,303574,315949,273016,277750,275880,319986,264255,285286,..,333000,..,..
Armenia,ARM,"Adult illiterate population, 15+ years, both sexes (number)",UIS.LP.AG15T99,..,..,..,..,..,..,..,..,..,..,..,..,..,..,..,..,..,..,..,30986,..,..,..,..,..,..,..,..,..,..,..,13930,..,..,..,..,..,..,..,..,..,5964,..,..,..,..,..,6196,..,..,..
Aruba,ABW,"Adult illiterate population, 15+ years, both sexes (number)",UIS.LP.AG15T99,..,..,..,..,..,..,..,..,..,..,..,..,..,..,..,..,..,..,..,..,..,..,..,..,..,..,..,..,..,..,1889,..,..,..,..,..,..,..,..,..,2556,..,..,..,..,..,..,..,1908,..,..
Australia,AUS,"Adult illiterate population, 15+ years, both sexes (number)",UIS.LP.AG15T99,..,..,..,..,..,..,..,..,..,..,..,..,..,..,..,..,..,..,..,..,..,..,..,..,..,..,..,..,..,..,..,..,..,..,..,..,..,..,..,..,..,..,..,..,..,..,..,..,..,..,..
Austria,AUT,"Adult illiterate population, 15+ years, both sexes (number)",UIS.LP.AG15T99,..,..,..,..,..,..,..,..,..,..,..,..,..,..,..,..,..,..,..,..,..,..,..,..,..,..,..,..,..,..,..,..,..,..,..,..,..,..,..,..,..,..,..,..,..,..,..,..,..,..,..
Azerbaijan,AZE,"Adult illiterate population, 15+ years, both sexes (number)",UIS.LP.AG15T99,..,..,..,..,..,..,..,..,..,..,..,..,..,..,..,..,..,..,..,..,..,..,..,..,..,..,..,..,..,66259,..,..,..,..,..,..,..,26635,..,16450,15962,15681,16102,15309,15506,15742,15724,15779,..,..,..
"Bahamas, The",BHS,"Adult illiterate population, 15+ years, both sexes (number)",UIS.LP.AG15T99,..,..,..,..,..,..,..,..,..,..,..,..,..,..,..,..,..,..,..,..,..,..,..,..,..,..,..,..,..,..,..,..,..,..,..,..,..,..,..,..,..,..,..,..,..,..,..,..,..,..,..
Bahrain,BHR,"Adult illiterate population, 15+ years, both sexes (number)",UIS.LP.AG15T99,..,..,..,..,..,..,..,..,..,..,..,74593,..,..,..,..,..,..,..,..,..,55150,..,..,..,..,..,..,..,..,..,66460,..,..,..,..,..,..,..,..,88445,..,..,..,..,..,33395,31393,31811,..,..
Bangladesh,BGD,"Adult illiterate population, 15+ years, both sexes (number)",UIS.LP.AG15T99,..,..,..,..,..,..,..,..,..,..,..,32002431,..,..,..,..,..,..,..,..,..,39734387,..,..,..,..,..,..,..,..,..,43334886,..,..,..,..,..,50466276,..,..,..,42124613,43907562,41456330,42132910,38471974,30628909,31037044,30392094,30004627,..
Barbados,BRB,"Adult illiterate population, 15+ years, both sexes (number)",UIS.LP.AG15T99,1100,..,..,..,..,..,..,..,..,..,..,..,..,..,742,..,..,..,..,..,..,..,..,..,816,..,..,..,..,..,..,..,..,..,872,..,..,..,..,..,..,..,..,..,927,..,..,..,..,..,..
Belarus,BLR,"Adult illiterate population, 15+ years, both sexes (number)",UIS.LP.AG15T99,..,..,..,..,..,..,..,..,..,..,..,..,..,..,..,..,..,..,..,164729,..,..,..,..,..,..,..,..,..,32808,..,..,..,..,..,..,..,..,..,30748,..,..,..,..,..,..,..,..,19131,..,..
Belgium,BEL,"Adult illiterate population, 15+ years, both sexes (number)",UIS.LP.AG15T99,..,..,..,..,..,..,..,..,..,..,..,..,..,..,..,..,..,..,..,..,..,..,..,..,..,..,..,..,..,..,..,..,..,..,..,..,..,..,..,..,..,..,..,..,..,..,..,..,..,..,..
Belize,BLZ,"Adult illiterate population, 15+ years, both sexes (number)",UIS.LP.AG15T99,..,..,..,..,..,..,..,..,..,..,..,..,..,..,..,..,..,..,..,..,..,32202,..,..,..,..,..,..,..,..,33851,..,..,..,..,..,..,..,..,..,..,..,..,..,..,..,..,..,..,..,..
Benin,BEN,"Adult illiterate population, 15+ years, both sexes (number)",UIS.LP.AG15T99,..,..,..,..,..,..,..,..,..,1668156,..,..,..,..,..,..,..,..,..,..,..,..,2093056,..,..,..,..,..,..,..,..,..,2602725,..,..,..,3234195,..,..,..,..,..,3660219,..,..,..,..,..,3809789,..,..
Bermuda,BMU,"Adult illiterate population, 15+ years, both sexes (number)",UIS.LP.AG15T99,..,..,..,..,..,..,..,..,..,..,..,..,..,..,..,..,..,..,..,..,..,..,..,..,..,..,..,..,..,..,..,..,..,..,..,..,..,..,..,..,..,..,..,..,..,..,..,..,..,..,..
Bhutan,BTN,"Adult illiterate population, 15+ years, both sexes (number)",UIS.LP.AG15T99,..,..,..,..,..,..,..,..,..,..,..,..,..,..,..,..,..,..,..,..,..,..,..,..,..,..,..,..,..,..,..,..,..,..,..,198973,..,..,..,..,..,..,215992,..,..,..,..,183115,..,..,..
Bolivia,BOL,"Adult illiterate population, 15+ years, both sexes (number)",UIS.LP.AG15T99,..,..,..,..,..,..,1099510,..,..,..,..,..,..,..,..,..,..,..,..,..,..,..,857306,..,..,..,..,..,..,..,..,705429,..,..,..,..,..,553134,573240,559509,..,516144,379585,..,..,547921,..,..,..,..,..
Bosnia and Herzegovina,BIH,"Adult illiterate population, 15+ years, both sexes (number)",UIS.LP.AG15T99,..,..,..,..,..,..,..,..,..,..,..,..,..,..,..,..,..,..,..,..,..,368044,..,..,..,..,..,..,..,..,100361,..,..,..,..,..,..,..,..,..,..,57525,..,90374,..,..,..,..,..,..,..
Botswana,BWA,"Adult illiterate population, 15+ years, both sexes (number)",UIS.LP.AG15T99,..,..,..,..,..,..,..,..,..,..,..,..,..,..,..,..,..,..,..,..,..,231492,..,..,..,..,..,..,..,..,..,..,..,204982,..,..,..,..,..,..,..,..,..,176911,..,..,..,..,..,..,..
Brazil,BRA,"Adult illiterate population, 15+ years, both sexes (number)",UIS.LP.AG15T99,..,..,..,..,..,..,..,..,..,..,18951748,..,..,..,..,..,..,..,..,..,..,..,..,..,..,..,..,..,..,..,16695339,..,..,..,15114203,..,14304987,14000382,14195160,14048574,14159037,12845899,13158412,13132993,12945696,12622804,11564289,11276037,11167773,..,..
British Virgin Islands,VGB,"Adult illiterate population, 15+ years, both sexes (number)",UIS.LP.AG15T99,..,..,..,..,..,..,..,..,..,..,..,..,..,..,..,..,..,..,..,..,..,..,..,..,..,..,..,..,..,..,..,..,..,..,..,..,..,..,..,..,..,..,..,..,..,..,..,..,..,..,..
Brunei Darussalam,BRN,"Adult illiterate population, 15+ years, both sexes (number)",UIS.LP.AG15T99,..,..,..,..,..,..,..,..,..,..,..,27301,..,..,..,..,..,..,..,..,..,21307,..,..,..,..,..,..,..,..,..,17406,..,..,..,..,..,..,..,..,..,11473,..,..,..,..,..,..,9199,..,..
Bulgaria,BGR,"Adult illiterate population, 15+ years, both sexes (number)",UIS.LP.AG15T99,..,..,..,..,..,..,..,..,..,..,..,..,..,..,..,..,..,..,..,..,..,..,..,..,..,..,..,..,..,..,..,120855,..,..,..,..,..,..,..,..,..,104968,..,..,..,..,..,..,..,..,..
Burkina Faso,BFA,"Adult illiterate population, 15+ years, both sexes (number)",UIS.LP.AG15T99,..,..,..,..,..,3131400,..,..,..,..,..,..,..,..,..,..,..,..,..,..,..,4117469,..,..,..,..,4769685,..,..,..,..,..,..,5263915,..,5478590,5713984,5451046,..,..,..,..,..,..,6191338,..,..,..,6390995,..,..
Burundi,BDI,"Adult illiterate population, 15+ years, both sexes (number)",UIS.LP.AG15T99,..,..,..,..,..,..,..,..,..,1731927,..,..,..,..,..,..,..,..,..,..,1771478,..,..,..,..,..,..,..,..,..,1289593,..,..,..,..,..,..,..,2294756,..,..,..,..,..,2043921,..,..,1851198,..,..,..
Cabo Verde,CPV,"Adult illiterate population, 15+ years, both sexes (number)",UIS.LP.AG15T99,..,..,..,..,..,..,..,..,..,..,..,..,..,..,..,..,..,..,..,..,67857,..,..,..,..,..,..,..,..,..,58342,..,..,..,..,..,..,..,..,..,..,..,50582,..,..,48284,..,..,..,..,..
Cambodia,KHM,"Adult illiterate population, 15+ years, both sexes (number)",UIS.LP.AG15T99,..,..,..,..,..,..,..,..,..,..,..,..,..,..,..,..,..,..,..,..,..,..,..,..,..,..,..,..,2093872,..,..,..,..,..,2130517,..,..,..,2097757,2221554,..,..,..,..,2290614,2067118,..,..,..,..,..
Cameroon,CMR,"Adult illiterate population, 15+ years, both sexes (number)",UIS.LP.AG15T99,..,..,..,..,..,..,2515247,..,..,..,..,..,..,..,..,..,..,..,..,..,..,..,..,..,..,..,..,..,..,..,2656865,..,..,..,..,..,..,3051220,..,..,3264065,..,..,..,..,..,..,..,3316943,..,..
Canada,CAN,"Adult illiterate population, 15+ years, both sexes (number)",UIS.LP.AG15T99,..,..,..,..,..,..,..,..,..,..,..,..,..,..,..,..,..,..,..,..,..,..,..,..,..,..,..,..,..,..,..,..,..,..,..,..,..,..,..,..,..,..,..,..,..,..,..,..,..,..,..
Caribbean small states,CSS,"Adult illiterate population, 15+ years, both sexes (number)",UIS.LP.AG15T99,..,..,..,..,..,..,..,..,..,..,..,..,..,..,..,..,..,..,..,..,..,..,..,562655,567913,564319,561673,559002,550831,569619,542468,535916,529665,523562,517204,509181,507111,484629,478231,474139,467449,462999,467550,469727,465607,465902,..,..,..,..,..
Cayman Islands,CYM,"Adult illiterate population, 15+ years, both sexes (number)",UIS.LP.AG15T99,..,..,..,..,..,..,..,..,..,..,..,..,..,..,..,..,..,..,..,..,..,..,..,..,..,..,..,..,..,..,..,..,..,..,..,..,..,471,..,..,..,..,..,..,..,..,..,..,..,..,..
Central African Republic,CAF,"Adult illiterate population, 15+ years, both sexes (number)",UIS.LP.AG15T99,..,..,..,..,..,925180,..,..,..,..,..,..,..,..,..,..,..,..,1011119,..,..,..,..,..,..,..,..,..,..,..,1020176,..,..,..,..,..,..,..,..,..,1539982,..,..,..,..,..,..,..,1627354,..,..
Central Europe and the Baltics,CEB,"Adult illiterate population, 15+ years, both sexes (number)",UIS.LP.AG15T99,..,..,..,..,..,..,..,..,..,..,..,..,1635783,1627698,1608722,1593201,1583785,1564171,1659229,1619843,1578364,1543714,1507429,1478644,1445351,1410896,1381942,1351922,1281339,1346337,1319060,1299285,1276650,1266422,1249926,1231607,1225196,1207911,1172000,985114,966665,948685,936176,925985,912717,899327,885235,..,..,..,..
Chad,TCD,"Adult illiterate population, 15+ years, both sexes (number)",UIS.LP.AG15T99,..,..,..,..,..,..,..,..,..,..,..,..,..,..,..,..,..,..,..,..,..,..,..,3023678,..,..,..,..,..,..,3135154,..,..,..,3533144,..,..,..,..,..,..,..,..,..,..,5422158,5902966,..,..,..,..
Channel Islands,CHI,"Adult illiterate population, 15+ years, both sexes (number)",UIS.LP.AG15T99,..,..,..,..,..,..,..,..,..,..,..,..,..,..,..,..,..,..,..,..,..,..,..,..,..,..,..,..,..,..,..,..,..,..,..,..,..,..,..,..,..,..,..,..,..,..,..,..,..,..,..
Chile,CHL,"Adult illiterate population, 15+ years, both sexes (number)",UIS.LP.AG15T99,..,..,..,..,..,..,..,..,..,..,..,..,702442,..,..,..,..,..,..,..,..,..,550121,..,..,..,..,..,..,..,..,..,495159,..,..,..,..,..,292832,308861,423128,443772,..,516884,..,445205,..,530956,..,..,..
China,CHN,"Adult illiterate population, 15+ years, both sexes (number)",UIS.LP.AG15T99,..,..,..,..,..,..,..,..,..,..,..,..,234997736,..,..,..,..,..,..,..,186795440,..,..,..,..,..,..,..,..,..,88203088,..,..,..,..,..,..,..,..,..,54127320,..,..,..,..,..,..,..,37038398,..,..
Colombia,COL,"Adult illiterate population, 15+ years, both sexes (number)",UIS.LP.AG15T99,..,..,..,..,..,..,..,..,..,..,..,..,..,..,..,..,..,..,..,..,..,..,..,2032772,..,..,2145359,..,..,..,..,..,..,..,2093372,2125586,2334313,2277951,2094495,2180117,2179797,2150369,..,..,2046778,2063829,1956074,..,1874652,..,..
Comoros,COM,"Adult illiterate population, 15+ years, both sexes (number)",UIS.LP.AG15T99,..,..,..,..,..,..,..,..,..,..,88256,..,..,..,..,..,..,..,..,..,..,..,..,..,..,..,..,..,..,..,94269,..,..,..,..,..,..,..,..,..,..,..,216443,..,..,..,..,..,207248,..,..
"Congo, Dem. Rep.",COD,"Adult illiterate population, 15+ years, both sexes (number)",UIS.LP.AG15T99,..,..,..,..,..,..,..,..,..,..,..,..,..,..,..,..,..,..,..,..,..,..,..,..,..,..,..,..,..,..,..,8625453,..,..,..,..,..,12221598,..,..,..,..,9165520,..,..,..,9560522,..,..,..,..
"Congo, Rep.",COG,"Adult illiterate population, 15+ years, both sexes (number)",UIS.LP.AG15T99,..,..,..,..,..,..,..,..,..,..,..,..,..,..,435200,..,..,..,..,..,..,..,..,..,..,..,..,..,..,..,..,..,..,..,..,493319,..,..,..,..,..,522093,..,..,..,..,..,..,601701,..,..
Costa Rica,CRI,"Adult illiterate population, 15+ years, both sexes (number)",UIS.LP.AG15T99,..,..,..,..,..,..,..,..,..,..,..,..,..,..,126531,..,..,..,..,..,..,..,..,..,..,..,..,..,..,..,140028,..,..,..,..,..,..,..,..,..,..,91605,..,..,..,..,..,..,84024,..,..
Cote d'Ivoire,CIV,"Adult illiterate population, 15+ years, both sexes (number)",UIS.LP.AG15T99,..,..,..,..,..,..,..,..,..,..,..,..,..,..,..,..,..,..,3954268,..,..,..,..,..,..,..,..,..,5539757,..,4607380,..,..,..,..,..,..,..,..,..,..,..,7184992,..,7270389,..,..,..,7690587,..,..
Croatia,HRV,"Adult illiterate population, 15+ years, both sexes (number)",UIS.LP.AG15T99,..,..,..,..,..,..,..,..,..,..,..,..,..,..,..,..,..,..,..,..,..,126420,..,..,..,..,..,..,..,..,..,67730,..,..,..,..,..,..,..,..,..,31943,..,..,..,..,..,..,..,..,..
Cuba,CUB,"Adult illiterate population, 15+ years, both sexes (number)",UIS.LP.AG15T99,..,..,..,..,..,..,..,..,..,..,..,..,..,..,..,..,..,..,..,..,..,..,..,..,..,..,..,..,..,..,..,..,17822,..,..,..,..,..,..,..,..,..,22949,..,..,..,..,..,..,..,..
Curacao,CUW,"Adult illiterate population, 15+ years, both sexes (number)",UIS.LP.AG15T99,..,..,..,..,..,..,..,..,..,..,..,..,..,..,..,..,..,..,..,..,..,..,..,..,..,..,..,..,..,..,..,..,..,..,..,..,..,..,..,..,..,..,..,..,..,..,..,..,..,..,..
Cyprus,CYP,"Adult illiterate population, 15+ years, both sexes (number)",UIS.LP.AG15T99,..,..,..,..,..,..,..,..,..,..,..,..,..,..,..,..,..,..,..,..,..,..,33329,..,..,..,..,..,..,..,..,23515,..,..,..,..,..,..,..,..,..,12082,..,..,..,..,..,..,..,..,..
Czech Republic,CZE,"Adult illiterate population, 15+ years, both sexes (number)",UIS.LP.AG15T99,..,..,..,..,..,..,..,..,..,..,..,..,..,..,..,..,..,..,..,..,..,..,..,..,..,..,..,..,..,..,..,..,..,..,..,..,..,..,..,..,..,..,..,..,..,..,15033,..,..,..,..
Denmark,DNK,"Adult illiterate population, 15+ years, both sexes (number)",UIS.LP.AG15T99,..,..,..,..,..,..,..,..,..,..,..,..,..,..,..,..,..,..,..,..,..,..,..,..,..,..,..,..,..,..,..,..,..,..,..,..,..,..,..,..,..,..,..,..,..,..,..,..,..,..,..
Djibouti,DJI,"Adult illiterate population, 15+ years, both sexes (number)",UIS.LP.AG15T99,..,..,..,..,..,..,..,..,..,..,..,..,..,..,..,..,..,..,..,..,..,..,..,..,..,..,..,..,..,..,..,..,..,..,..,..,..,..,..,..,..,..,..,..,..,..,..,..,..,..,..
Dominica,DMA,"Adult illiterate population, 15+ years, both sexes (number)",UIS.LP.AG15T99,..,..,..,..,..,..,..,..,..,..,..,..,..,..,..,..,..,..,..,..,..,..,..,..,..,..,..,..,..,..,..,..,..,..,..,..,..,..,..,..,..,..,..,..,..,..,..,..,..,..,..
Dominican Republic,DOM,"Adult illiterate population, 15+ years, both sexes (number)",UIS.LP.AG15T99,..,..,..,..,..,..,..,..,..,..,..,923116,..,..,..,..,..,..,..,..,..,..,..,..,..,..,..,..,..,..,..,..,747406,..,..,..,..,746115,..,..,703847,677721,686146,647992,593366,586291,462294,..,..,..,..
Early-demographic dividend,EAR,"Adult illiterate population, 15+ years, both sexes (number)",UIS.LP.AG15T99,..,..,..,..,..,420047743,428778690,434630886,440799882,447437947,459063920,463894633,467211977,473950925,478889319,485503603,491347151,494380635,499233498,504701257,507924303,515417356,515181311,518139704,520853895,523570158,526818346,530870226,499124297,502605068,504707429,509698462,510540089,504896546,502683478,517833885,519775092,520999228,509472270,502817262,490789171,499377276,497417246,496780954,488755677,482389840,477391747,476342106,476814961,473771249,..
East Asia & Pacific,EAS,"Adult illiterate population, 15+ years, both sexes (number)",UIS.LP.AG15T99,..,..,..,..,..,..,305996749,312205919,310925935,309592217,313142991,306518393,307288959,303404266,301361137,299402294,297665725,291071936,249772911,247279865,253868953,242021156,239249030,236902155,232874911,228405445,225608044,155487525,152373749,149385347,147502653,143133796,139601373,135919803,132503145,128269382,123033645,107730374,104242339,99668606,100272156,104777304,101560217,100567984,92411814,89148682,87237382,84350645,82087095,79891851,..
East Asia & Pacific (excluding high income),EAP,"Adult illiterate population, 15+ years, both sexes (number)",UIS.LP.AG15T99,..,..,..,..,..,..,279491146,285839056,284736528,283574580,286968912,281120727,281684919,277978112,276079646,274217167,272504870,266658278,226110871,223739851,230221026,218627414,216016047,213798991,210217047,206164437,203681692,134376534,131463062,129137922,127390898,123228260,120274246,117403877,114684422,111164228,106534570,91550251,88868272,84784365,84264967,87653792,85008549,84198783,78197457,75390295,73799310,71320254,69369577,67416041,..
East Asia & Pacific (IDA & IBRD countries),TEA,"Adult illiterate population, 15+ years, both sexes (number)",UIS.LP.AG15T99,..,..,..,..,..,..,279492163,285840066,284737532,283575583,286969916,281121731,281685926,277979123,276080659,274218182,272505889,266659299,226111890,223740871,230222047,218628444,216017079,213800022,210218071,206165448,203682675,134377484,131463972,129138789,127391716,123229029,120274959,117404534,114685080,111164891,106535222,91550894,88868921,84784994,84265586,87654392,85009133,84199350,78198258,75391331,73800356,71321311,69370649,67417122,..
Ecuador,ECU,"Adult illiterate population, 15+ years, both sexes (number)",UIS.LP.AG15T99,..,..,..,..,..,..,..,..,..,..,..,..,809701,..,..,..,..,..,..,..,736412,..,..,..,..,..,..,..,..,..,..,758940,..,..,..,..,..,762961,749842,781557,840209,885448,853597,737111,647555,634584,661701,850572,..,..,..
"Egypt, Arab Rep.",EGY,"Adult illiterate population, 15+ years, both sexes (number)",UIS.LP.AG15T99,..,..,..,..,..,..,14413245,..,..,..,..,..,..,..,..,..,16769680,..,..,..,..,..,..,..,..,..,17362823,..,..,..,..,..,..,..,..,16483894,17296354,..,..,..,15683113,..,15278789,16474986,..,..,..,18518979,..,..,..
El Salvador,SLV,"Adult illiterate population, 15+ years, both sexes (number)",UIS.LP.AG15T99,..,..,..,..,..,..,..,..,..,..,..,..,..,..,..,..,..,..,..,..,..,..,853749,..,..,..,..,..,..,..,..,..,..,..,..,..,656156,728854,659552,662628,655492,623007,..,585105,..,546399,544348,534449,515242,..,..
Equatorial Guinea,GNQ,"Adult illiterate population, 15+ years, both sexes (number)",UIS.LP.AG15T99,..,..,..,..,..,..,..,..,..,..,..,..,..,..,..,..,..,..,..,..,..,..,..,..,..,..,..,..,..,..,40970,..,..,..,..,..,..,..,..,..,32670,..,..,..,..,..,..,..,..,..,..
Eritrea,ERI,"Adult illiterate population, 15+ years, both sexes (number)",UIS.LP.AG15T99,..,..,..,..,..,..,..,..,..,..,..,..,..,..,..,..,..,..,..,..,..,..,..,..,..,..,..,..,..,..,..,..,676819,..,..,..,..,..,658202,..,..,..,..,..,..,..,..,..,470454,..,..
Estonia,EST,"Adult illiterate population, 15+ years, both sexes (number)",UIS.LP.AG15T99,..,..,..,..,..,..,..,..,..,..,..,..,..,..,..,..,..,..,..,3337,..,..,..,..,..,..,..,..,..,..,2683,..,..,..,..,..,..,..,..,..,..,1277,..,..,..,..,..,..,..,..,..
Eswatini,SWZ,"Adult illiterate population, 15+ years, both sexes (number)",UIS.LP.AG15T99,..,..,..,..,..,..,117003,..,..,..,..,..,..,..,..,..,117340,..,..,..,..,..,..,..,..,..,..,..,..,..,105197,..,..,..,..,..,..,..,..,..,107612,..,..,..,..,..,..,..,81429,..,..
Ethiopia,ETH,"Adult illiterate population, 15+ years, both sexes (number)",UIS.LP.AG15T99,..,..,..,..,..,..,..,..,..,..,..,..,..,..,..,..,..,..,..,..,..,..,..,..,21458405,..,..,..,..,..,..,..,..,..,25313971,28684098,..,26593854,..,..,..,..,..,..,..,..,..,30147373,..,..,..
Euro area,EMU,"Adult illiterate population, 15+ years, both sexes (number)",UIS.LP.AG15T99,..,..,..,..,..,..,..,..,..,..,..,..,..,..,..,..,..,..,..,..,..,..,..,..,..,..,..,..,..,..,..,..,..,..,..,..,..,..,..,..,..,..,..,..,..,..,..,..,..,..,..
Europe & Central Asia,ECS,"Adult illiterate population, 15+ years, both sexes (number)",UIS.LP.AG15T99,..,..,..,..,..,..,..,..,..,..,..,..,..,..,..,..,..,..,..,..,..,..,..,..,28915248,28139987,27214531,26495871,25616981,24966061,24707481,24179144,23121768,22634258,21963229,22070516,21101003,21126609,19992995,18902674,17784172,15531441,14813704,14342181,14034870,13714664,13082942,12991108,12527757,12220675,..
Europe & Central Asia (excluding high income),ECA,"Adult illiterate population, 15+ years, both sexes (number)",UIS.LP.AG15T99,..,..,..,..,..,..,..,..,..,..,..,..,..,14855321,13222571,12920089,12815904,12589976,12354389,12275989,11971499,11866516,11630776,11390266,11149263,10894279,10475669,10237507,9369519,9165254,8904603,8744419,8569295,8429135,8058791,7494391,7656946,7409929,7366625,5929585,4997839,4230635,3833454,3698093,3611439,3534681,3169748,3261567,3125938,3025294,..
Europe & Central Asia (IDA & IBRD countries),TEC,"Adult illiterate population, 15+ years, both sexes (number)",UIS.LP.AG15T99,..,..,..,..,..,..,..,..,..,..,..,..,..,15979932,14341298,14031687,13923614,13686037,13556120,13444975,13108461,12974350,12709638,12446617,12178764,11896041,11456168,11195064,10293496,10161022,9883829,9709486,9517441,9373238,8992207,8415479,8567867,8308629,8240527,6629778,5687360,4910426,4504730,4360888,4265342,4178982,3806240,3889196,3744175,3634440,..
European Union,EUU,"Adult illiterate population, 15+ years, both sexes (number)",UIS.LP.AG15T99,..,..,..,..,..,..,..,..,..,..,..,..,..,..,..,..,..,..,..,..,..,..,..,..,..,..,..,..,..,..,..,..,..,..,..,..,..,..,..,..,..,..,..,..,..,..,..,..,..,..,..
Faroe Islands,FRO,"Adult illiterate population, 15+ years, both sexes (number)",UIS.LP.AG15T99,..,..,..,..,..,..,..,..,..,..,..,..,..,..,..,..,..,..,..,..,..,..,..,..,..,..,..,..,..,..,..,..,..,..,..,..,..,..,..,..,..,..,..,..,..,..,..,..,..,..,..
Fiji,FJI,"Adult illiterate population, 15+ years, both sexes (number)",UIS.LP.AG15T99,..,..,..,..,..,..,..,..,..,..,..,..,..,..,..,..,..,..,..,..,..,..,..,..,..,..,35220,..,..,..,..,..,..,..,..,..,..,..,..,..,..,..,..,..,..,..,..,5666,..,..,..
Finland,FIN,"Adult illiterate population, 15+ years, both sexes (number)",UIS.LP.AG15T99,..,..,..,..,..,..,..,..,..,..,..,..,..,..,..,..,..,..,..,..,..,..,..,..,..,..,..,..,..,..,..,..,..,..,..,..,..,..,..,..,..,..,..,..,..,..,..,..,..,..,..
Fragile and conflict affected situations,FCS,"Adult illiterate population, 15+ years, both sexes (number)",UIS.LP.AG15T99,..,..,..,..,..,..,..,..,..,..,..,..,..,81320410,82485920,83755096,85039668,85763599,86613635,88007991,89331984,90346797,92246250,94088462,94911936,95729906,96795111,97252973,97615263,98511136,107620942,108345776,110011002,112912485,112813702,115269062,114045544,130537924,133736194,139163903,141781318,146187860,142785781,145148814,145021947,154009343,148778904,149589731,159958930,163039652,..
France,FRA,"Adult illiterate population, 15+ years, both sexes (number)",UIS.LP.AG15T99,..,..,..,..,..,..,..,..,..,..,..,..,..,..,..,..,..,..,..,..,..,..,..,..,..,..,..,..,..,..,..,..,..,..,..,..,..,..,..,..,..,..,..,..,..,..,..,..,..,..,..
French Polynesia,PYF,"Adult illiterate population, 15+ years, both sexes (number)",UIS.LP.AG15T99,..,..,..,..,..,..,..,..,..,..,..,..,..,..,..,..,..,..,..,..,..,..,..,..,..,..,..,..,..,..,..,..,..,..,..,..,..,..,..,..,..,..,..,..,..,..,..,..,..,..,..
Gabon,GAB,"Adult illiterate population, 15+ years, both sexes (number)",UIS.LP.AG15T99,..,..,..,..,..,..,..,..,..,..,..,..,..,..,..,..,..,..,..,..,..,..,..,166279,..,..,..,..,..,..,..,..,..,..,..,..,..,..,..,..,..,..,194272,..,..,..,..,..,204631,..,..
"Gambia, The",GMB,"Adult illiterate population, 15+ years, both sexes (number)",UIS.LP.AG15T99,..,..,..,..,..,..,..,..,..,..,..,..,..,..,..,..,..,..,..,..,..,..,..,..,..,..,..,..,..,..,440435,..,..,..,..,..,..,..,..,..,..,..,..,625502,..,561940,..,..,..,..,..
Georgia,GEO,"Adult illiterate population, 15+ years, both sexes (number)",UIS.LP.AG15T99,..,..,..,..,..,..,..,..,..,..,..,..,..,..,..,..,..,..,..,..,..,..,..,..,..,..,..,..,..,..,..,..,11814,..,..,..,..,..,..,..,..,..,..,..,13577,..,..,20603,..,..,..
Germany,DEU,"Adult illiterate population, 15+ years, both sexes (number)",UIS.LP.AG15T99,..,..,..,..,..,..,..,..,..,..,..,..,..,..,..,..,..,..,..,..,..,..,..,..,..,..,..,..,..,..,..,..,..,..,..,..,..,..,..,..,..,..,..,..,..,..,..,..,..,..,..
Ghana,GHA,"Adult illiterate population, 15+ years, both sexes (number)",UIS.LP.AG15T99,..,..,..,..,..,..,..,..,..,..,..,..,..,..,..,..,..,..,..,..,..,..,..,..,..,..,..,..,..,..,4651021,..,..,..,..,..,..,..,..,..,4233618,..,..,..,..,..,..,..,3893564,..,..
Gibraltar,GIB,"Adult illiterate population, 15+ years, both sexes (number)",UIS.LP.AG15T99,..,..,..,..,..,..,..,..,..,..,..,..,..,..,..,..,..,..,..,..,..,..,..,..,..,..,..,..,..,..,..,..,..,..,..,..,..,..,..,..,..,..,..,..,..,..,..,..,..,..,..
Global Partnership for Education,FTI,"Adult illiterate population, 15+ years, both sexes (number)",UIS.LP.AG15T99,..,..,..,..,..,..,..,..,..,..,200824911,204979071,208819822,213061450,217307365,221758339,226834783,230682504,233526767,237607615,242143490,246817935,249726667,252707979,255897853,260417034,264044123,267136059,267011748,270021410,281024851,284193505,287462473,290274697,290223515,300238014,298299853,323083321,318590303,322646541,326826172,334061202,335091510,337317773,339185579,339945128,334988205,336677811,342152207,346144625,..
Greece,GRC,"Adult illiterate population, 15+ years, both sexes (number)",UIS.LP.AG15T99,..,..,..,..,..,..,..,..,..,..,..,701785,..,..,..,..,..,..,..,..,..,614690,..,..,..,..,..,..,..,..,..,378661,..,..,..,663111,..,573524,..,567350,..,241978,..,..,..,..,..,..,186626,..,..
Greenland,GRL,"Adult illiterate population, 15+ years, both sexes (number)",UIS.LP.AG15T99,..,..,..,..,..,..,..,..,..,..,..,..,..,..,..,..,..,..,..,..,..,..,..,..,..,..,..,..,..,..,..,..,..,..,..,..,..,..,..,..,..,..,..,..,..,..,..,..,..,..,..
Grenada,GRD,"Adult illiterate population, 15+ years, both sexes (number)",UIS.LP.AG15T99,1058,..,..,..,..,..,..,..,..,..,..,..,..,..,855,..,..,..,..,..,..,..,..,..,863,..,..,..,..,..,..,..,..,..,1046,..,..,..,..,..,..,..,..,..,1179,..,..,..,..,..,..
Guam,GUM,"Adult illiterate population, 15+ years, both sexes (number)",UIS.LP.AG15T99,..,..,..,..,..,..,..,..,..,..,2446,..,..,..,..,..,..,..,..,..,579,..,..,..,..,..,..,..,..,..,..,..,..,..,..,..,..,..,..,..,..,..,..,..,..,..,..,..,..,..,..
Guatemala,GTM,"Adult illiterate population, 15+ years, both sexes (number)",UIS.LP.AG15T99,..,..,..,..,..,..,..,..,..,..,..,..,..,..,..,..,..,..,..,..,..,..,..,..,1992692,..,..,..,..,..,..,..,2143851,..,..,..,..,..,..,..,..,..,2044246,2221897,1873444,..,..,..,..,..,..
Guinea,GIN,"Adult illiterate population, 15+ years, both sexes (number)",UIS.LP.AG15T99,..,..,..,..,..,..,..,..,..,..,..,..,..,..,..,..,..,..,..,..,..,..,..,..,..,..,3201130,..,..,..,..,..,..,3283509,..,..,..,..,..,..,4204727,..,..,..,4155896,..,..,..,..,..,..
Guinea-Bissau,GNB,"Adult illiterate population, 15+ years, both sexes (number)",UIS.LP.AG15T99,..,..,..,..,..,..,..,..,..,353061,..,..,..,..,..,..,..,..,..,..,..,..,..,..,..,..,..,..,..,..,382357,..,..,..,..,..,..,..,..,..,..,..,..,..,525977,..,..,..,..,..,..
Guyana,GUY,"Adult illiterate population, 15+ years, both sexes (number)",UIS.LP.AG15T99,..,..,..,..,..,..,..,..,..,..,..,..,..,..,..,..,..,..,..,..,..,..,..,..,..,..,..,..,..,..,..,..,..,..,..,..,..,..,..,75766,..,..,..,..,76782,..,..,..,..,..,..
Haiti,HTI,"Adult illiterate population, 15+ years, both sexes (number)",UIS.LP.AG15T99,..,..,..,..,..,..,..,..,..,..,..,..,2258730,..,..,..,..,..,..,..,..,..,..,..,..,..,..,..,..,..,..,..,..,2235722,..,..,2974638,..,..,..,..,..,..,..,..,..,2740639,..,..,..,..
Heavily indebted poor countries (HIPC),HPC,"Adult illiterate population, 15+ years, both sexes (number)",UIS.LP.AG15T99,..,..,..,..,..,..,..,..,..,..,..,..,..,..,..,..,97715943,99161399,101166264,103091605,105192851,107860114,110589753,113320699,115609264,119354911,121523506,122979831,124761211,126435153,127953248,129673593,132050733,133952820,133739122,140230538,149158114,148709781,152455129,156466726,158431209,156117998,156498484,158036971,159876757,163134736,165069362,166637688,169898891,172683683,..
High income,HIC,"Adult illiterate population, 15+ years, both sexes (number)",UIS.LP.AG15T99,..,..,..,..,..,..,..,..,..,..,..,..,..,..,..,..,..,..,..,..,..,..,..,..,..,..,..,..,..,..,..,..,..,..,..,..,..,..,..,..,..,..,..,..,..,..,..,..,..,..,..
Honduras,HND,"Adult illiterate population, 15+ years, both sexes (number)",UIS.LP.AG15T99,..,..,..,..,..,..,..,..,..,..,..,..,..,..,..,..,..,..,..,..,..,..,..,..,..,..,..,..,..,..,..,776252,..,..,..,..,..,775279,..,..,791393,796002,807958,827238,750619,730355,683800,..,837525,..,..
"Hong Kong SAR, China",HKG,"Adult illiterate population, 15+ years, both sexes (number)",UIS.LP.AG15T99,..,..,..,..,..,..,..,..,..,..,..,..,..,..,..,..,..,..,..,..,..,..,..,..,..,..,..,..,..,..,..,..,..,..,..,..,..,..,..,..,..,..,..,..,..,..,..,..,..,..,..
Hungary,HUN,"Adult illiterate population, 15+ years, both sexes (number)",UIS.LP.AG15T99,..,..,..,..,..,..,..,..,..,..,95763,..,..,..,..,..,..,..,..,..,..,..,..,..,..,..,..,..,..,..,..,..,..,..,..,..,..,..,..,..,..,..,..,..,73115,..,..,..,..,..,..
IBRD only,IBD,"Adult illiterate population, 15+ years, both sexes (number)",UIS.LP.AG15T99,..,..,..,..,..,599572494,612717344,623529406,626996310,630922691,639149443,640638073,642618262,643150746,643664535,645568326,647035218,644737920,608175428,608540433,615787322,608595587,605159321,604334507,603034462,600264506,598824050,531274059,497783313,496485403,495466368,494041848,491345320,481249335,478442857,485944523,486822953,464895710,459987401,452890281,439773474,432587487,421822249,421519175,409953724,411131372,402709728,399236632,402733669,396004248,..
Iceland,ISL,"Adult illiterate population, 15+ years, both sexes (number)",UIS.LP.AG15T99,..,..,..,..,..,..,..,..,..,..,..,..,..,..,..,..,..,..,..,..,..,..,..,..,..,..,..,..,..,..,..,..,..,..,..,..,..,..,..,..,..,..,..,..,..,..,..,..,..,..,..
IDA & IBRD total,IBT,"Adult illiterate population, 15+ years, both sexes (number)",UIS.LP.AG15T99,..,..,..,..,..,777109569,794258372,808863093,816393879,824582693,837100933,842841455,848698106,853540448,858365861,864790887,870577582,872143705,838436496,843127622,854682375,852176337,851668573,853841303,855739766,857487108,859706033,795223763,761633382,763440813,773209597,774843635,775131690,768260148,765472680,783049865,782021652,785633397,776303555,773361665,764440343,764479379,754731151,756621795,746902416,748874605,735533066,733791691,742843752,740204454,..
IDA blend,IDB,"Adult illiterate population, 15+ years, both sexes (number)",UIS.LP.AG15T99,..,..,..,..,..,..,..,..,..,..,..,62610946,63920293,65473412,67086178,68737465,70253039,71337483,72431682,73753542,74881784,75399509,74943098,74217069,75006632,75842551,76428728,77106508,77530553,78541798,87081505,87612861,88561867,89442000,89370917,93080692,81787479,100865577,100972607,100882138,102425328,104796386,103581232,106748873,106997329,108525048,109083768,109159559,111980495,113472098,..
IDA only,IDX,"Adult illiterate population, 15+ years, both sexes (number)",UIS.LP.AG15T99,..,..,..,..,..,..,..,..,..,..,..,..,142159552,144916291,147615148,150485096,153289325,156068302,157829385,160833647,164013268,168181242,171566154,175289727,177698672,181380051,184453255,186843196,186319516,188413613,190661724,193188925,195224504,197568812,197658906,204024650,213411220,219872110,215343546,219589246,222241542,227095506,229327670,228353747,229951362,229218186,223739570,225395499,228129588,230728109,..
IDA total,IDA,"Adult illiterate population, 15+ years, both sexes (number)",UIS.LP.AG15T99,..,..,..,..,..,..,..,..,..,..,..,202369825,206248231,210559895,214873391,219388913,223703162,227561037,230410742,234731287,239033260,243712922,246635406,249626898,252819263,257330351,260984463,264099304,263990200,267086393,277885591,280918413,283897882,287107347,287125228,297200691,295292915,320818366,316395536,320537108,324734749,331960856,332972789,335166791,337005232,337798752,332877756,334608371,340162278,344251276,..
India,IND,"Adult illiterate population, 15+ years, both sexes (number)",UIS.LP.AG15T99,..,..,..,..,..,..,..,..,..,..,..,257603109,..,..,..,..,..,..,..,..,..,287520396,..,..,..,..,..,..,..,..,..,274882952,..,..,..,..,288399239,..,..,..,..,266180342,..,..,..,..,..,..,252863750,..,..
Indonesia,IDN,"Adult illiterate population, 15+ years, both sexes (number)",UIS.LP.AG15T99,..,..,..,..,..,..,..,..,..,..,28247681,..,..,..,..,..,..,..,..,..,21190952,..,..,..,..,..,..,..,..,..,..,..,..,..,14999912,..,12986742,..,12968088,12451408,..,12563359,..,..,8991294,8957674,8790643,..,8526552,..,..
"Iran, Islamic Rep.",IRN,"Adult illiterate population, 15+ years, both sexes (number)",UIS.LP.AG15T99,..,..,..,..,..,..,12117739,..,..,..,..,..,..,..,..,..,12696652,..,..,..,..,10965511,..,..,..,..,10050996,..,..,..,..,..,10671002,..,..,8924409,9220280,..,9236190,..,..,..,9410299,8942336,8993892,..,8699900,..,..,..,..
Iraq,IRQ,"Adult illiterate population, 15+ years, both sexes (number)",UIS.LP.AG15T99,..,..,..,..,..,..,..,..,..,..,..,..,..,..,..,..,..,..,..,..,..,..,..,..,..,..,..,..,..,..,3476850,..,..,..,..,..,..,..,..,..,..,..,4261138,5463793,3664935,..,3699659,3320508,..,..,..
Ireland,IRL,"Adult illiterate population, 15+ years, both sexes (number)",UIS.LP.AG15T99,..,..,..,..,..,..,..,..,..,..,..,..,..,..,..,..,..,..,..,..,..,..,..,..,..,..,..,..,..,..,..,..,..,..,..,..,..,..,..,..,..,..,..,..,..,..,..,..,..,..,..
Isle of Man,IMN,"Adult illiterate population, 15+ years, both sexes (number)",UIS.LP.AG15T99,..,..,..,..,..,..,..,..,..,..,..,..,..,..,..,..,..,..,..,..,..,..,..,..,..,..,..,..,..,..,..,..,..,..,..,..,..,..,..,..,..,..,..,..,..,..,..,..,..,..,..
Israel,ISR,"Adult illiterate population, 15+ years, both sexes (number)",UIS.LP.AG15T99,..,..,..,..,..,..,..,..,..,..,..,..,..,214961,..,..,..,..,..,..,..,..,..,..,..,..,..,..,..,..,..,..,..,..,..,..,..,..,..,..,..,..,..,..,..,..,..,..,..,..,..
Italy,ITA,"Adult illiterate population, 15+ years, both sexes (number)",UIS.LP.AG15T99,..,..,..,..,..,..,..,..,..,..,..,1572269,..,..,..,..,..,..,..,..,..,..,..,..,..,..,..,..,..,..,..,772252,..,..,..,..,..,..,..,..,..,589701,..,..,..,..,..,..,443621,..,..
Jamaica,JAM,"Adult illiterate population, 15+ years, both sexes (number)",UIS.LP.AG15T99,..,..,..,..,..,..,..,..,..,..,..,..,..,..,..,..,..,..,..,..,..,..,..,..,..,..,..,..,..,354524,..,..,..,..,..,..,..,..,..,..,..,..,..,..,255825,..,..,..,..,..,..
Japan,JPN,"Adult illiterate population, 15+ years, both sexes (number)",UIS.LP.AG15T99,..,..,..,..,..,..,..,..,..,..,..,..,..,..,..,..,..,..,..,..,..,..,..,..,..,..,..,..,..,..,..,..,..,..,..,..,..,..,..,..,..,..,..,..,..,..,..,..,..,..,..
Jordan,JOR,"Adult illiterate population, 15+ years, both sexes (number)",UIS.LP.AG15T99,..,..,..,..,..,..,..,..,..,389702,..,..,..,..,..,..,..,..,..,..,..,..,..,..,..,..,..,..,..,..,..,..,..,329562,..,312008,..,298979,..,..,337868,198011,105969,..,..,..,..,..,116173,..,..
Kazakhstan,KAZ,"Adult illiterate population, 15+ years, both sexes (number)",UIS.LP.AG15T99,..,..,..,..,..,..,..,..,..,..,..,..,..,..,..,..,..,..,..,275914,..,..,..,..,..,..,..,..,..,52752,..,..,..,..,..,..,..,..,..,32630,26911,..,..,..,..,..,..,..,28584,..,..
Kenya,KEN,"Adult illiterate population, 15+ years, both sexes (number)",UIS.LP.AG15T99,..,..,..,..,..,..,..,..,..,..,..,..,..,..,..,..,..,..,..,..,..,..,..,..,..,..,..,..,..,..,3043427,..,..,..,..,..,..,6011290,..,..,..,..,..,..,5746249,..,..,..,5714459,..,..
Kiribati,KIR,"Adult illiterate population, 15+ years, both sexes (number)",UIS.LP.AG15T99,..,..,..,..,..,..,..,..,..,..,..,..,..,..,..,..,..,..,..,..,..,..,..,..,..,..,..,..,..,..,..,..,..,..,..,..,..,..,..,..,..,..,..,..,..,..,..,..,..,..,..
"Korea, Dem. People’s Rep.",PRK,"Adult illiterate population, 15+ years, both sexes (number)",UIS.LP.AG15T99,..,..,..,..,..,..,..,..,..,..,..,..,..,..,..,..,..,..,..,..,..,..,..,..,..,..,..,..,..,..,..,..,..,..,..,..,..,..,331,..,..,..,..,..,..,..,..,..,..,..,..
"Korea, Rep.",KOR,"Adult illiterate population, 15+ years, both sexes (number)",UIS.LP.AG15T99,..,..,..,..,..,..,..,..,..,..,..,..,..,..,..,..,..,..,..,..,..,..,..,..,..,..,..,..,..,..,..,..,..,..,..,..,..,..,828494,..,..,..,..,..,..,..,..,..,..,..,..
Kosovo,XKX,"Adult illiterate population, 15+ years, both sexes (number)",UIS.LP.AG15T99,..,..,..,..,..,..,..,..,..,..,..,..,..,..,..,..,..,..,..,..,..,..,..,..,..,..,..,..,..,..,..,..,..,..,..,..,..,..,..,..,..,..,..,..,..,..,..,..,..,..,..
Kuwait,KWT,"Adult illiterate population, 15+ years, both sexes (number)",UIS.LP.AG15T99,..,..,..,..,..,226860,..,..,..,..,265229,..,..,..,..,276200,..,..,..,..,..,..,..,..,..,240265,..,..,..,..,..,..,..,..,..,115238,122684,122707,126305,..,128746,..,117008,122729,..,131869,..,128053,129702,..,..
Kyrgyz Republic,KGZ,"Adult illiterate population, 15+ years, both sexes (number)",UIS.LP.AG15T99,..,..,..,..,..,..,..,..,..,..,..,..,..,..,..,..,..,..,..,..,..,..,..,..,..,..,..,..,..,40604,..,..,..,..,..,..,..,..,..,28311,..,..,..,..,..,..,..,..,17656,..,..
Lao PDR,LAO,"Adult illiterate population, 15+ years, both sexes (number)",UIS.LP.AG15T99,..,..,..,..,..,..,..,..,..,..,..,..,..,..,..,..,..,..,..,..,..,..,..,..,..,1063932,..,..,..,..,913663,965196,..,..,..,940763,..,..,..,..,..,1695880,..,..,..,686699,..,..,..,..,..
Late-demographic dividend,LTE,"Adult illiterate population, 15+ years, both sexes (number)",UIS.LP.AG15T99,..,..,..,..,..,..,282220990,289083840,288409019,287761647,286733064,286112222,287026616,283559596,281964439,280221762,278649056,276250196,236138799,233877900,240420999,228490948,225435430,222392070,219287015,215489670,212959168,143637246,140246652,137487292,136646860,132263266,129457297,125460126,123513982,119887083,117664904,102014496,99289711,95300470,95619524,87413770,84909793,84396799,81964892,79852235,76722567,74693328,72434058,69376719,..
Latin America & Caribbean,LCN,"Adult illiterate population, 15+ years, both sexes (number)",UIS.LP.AG15T99,..,..,..,..,38870710,40005597,40492412,40872788,41166983,41528951,41919519,42243858,42573735,42835631,43111980,43376885,43604630,43968082,43773422,43662364,43773490,43230252,42428239,41536867,40771646,39823406,39685633,39642804,38917767,38751441,38715947,39179608,39558957,37484310,38267527,37132129,37750273,36130768,35835753,34914846,35651263,33702163,33277984,33609065,32150400,31795890,30098033,29984532,29655126,27968360,..
Latin America & Caribbean (excluding high income),LAC,"Adult illiterate population, 15+ years, both sexes (number)",UIS.LP.AG15T99,..,..,..,..,37600306,38710027,39182746,39548110,39849774,40218863,40607509,40951105,41280340,41558887,41846742,42122747,42361899,42701954,42514410,42500858,42619149,42086100,41288180,40407799,39650983,38711359,38582646,38564148,37849672,37672482,37643138,38123287,38510611,36430493,37229203,36108751,36763560,35439492,35052528,34125661,34736739,32793013,32410132,32637890,31225264,30897680,29255901,29025622,28741065,27078510,..
Latin America & the Caribbean (IDA & IBRD countries),TLA,"Adult illiterate population, 15+ years, both sexes (number)",UIS.LP.AG15T99,..,..,..,..,38568450,39696187,40179738,40556754,40847629,41206324,41587560,41918530,42249031,42512042,42789363,43055065,43283976,43656947,43460274,43346697,43456149,42910434,42106878,41213967,40447115,39497248,39358989,39315491,38591073,38424433,38389581,38856863,39240120,37170036,37957864,36826787,37447708,35834989,35546613,34617807,35351944,33416715,33001627,33332903,31880464,31515647,29822743,29715303,29392359,27711082,..
Latvia,LVA,"Adult illiterate population, 15+ years, both sexes (number)",UIS.LP.AG15T99,..,..,..,..,..,..,..,..,..,..,..,..,..,..,..,..,..,..,..,11600,..,..,..,..,..,..,..,..,..,..,4951,..,..,..,..,..,..,..,..,..,..,1871,..,..,..,..,..,..,1793,..,..
Least developed countries: UN classification,LDC,"Adult illiterate population, 15+ years, both sexes (number)",UIS.LP.AG15T99,..,..,..,..,..,..,..,..,..,..,..,132176964,134549468,137071752,139577445,142268485,144919247,147554193,149266572,152033871,155052831,159067372,162278680,165825989,168063290,170867842,173821883,176124367,175633062,177547404,180780107,183320161,185809454,187832379,187892664,194268245,203641527,210860673,206403050,208940110,212159709,217180219,219332006,218465556,220405679,219665052,214216082,215863964,218379353,221018096,..
Lebanon,LBN,"Adult illiterate population, 15+ years, both sexes (number)",UIS.LP.AG15T99,..,..,..,..,..,..,..,..,..,..,..,..,..,..,..,..,..,..,..,..,..,..,..,..,..,..,..,..,..,..,..,..,..,..,..,..,..,348572,..,309771,..,..,..,..,..,..,..,..,249960,..,..
Lending category not classified,LNX,"Adult illiterate population, 15+ years, both sexes (number)",UIS.LP.AG15T99,..,..,..,..,..,..,..,..,..,..,..,..,..,..,..,..,..,..,..,..,..,..,..,..,..,..,..,..,..,..,..,..,..,..,..,..,..,..,..,..,..,..,..,..,..,..,..,..,..,..,..
Lesotho,LSO,"Adult illiterate population, 15+ years, both sexes (number)",UIS.LP.AG15T99,..,..,..,..,..,..,..,..,..,..,..,..,..,..,..,..,..,..,..,..,..,..,..,..,..,..,..,..,..,..,165460,..,..,..,..,..,..,..,..,312817,..,..,..,..,316668,..,..,..,..,..,..
Liberia,LBR,"Adult illiterate population, 15+ years, both sexes (number)",UIS.LP.AG15T99,..,..,..,..,..,..,..,..,..,..,..,..,..,..,783916,..,..,..,..,..,..,..,..,..,..,..,..,..,..,..,..,..,..,..,..,..,..,1109961,..,..,..,..,..,..,..,..,..,1422645,..,..,..
Libya,LBY,"Adult illiterate population, 15+ years, both sexes (number)",UIS.LP.AG15T99,..,..,..,..,..,..,..,..,..,..,..,..,..,..,789225,..,..,..,..,..,..,..,..,..,702116,..,..,..,..,..,..,..,..,..,548983,..,..,..,..,..,..,..,..,..,..,..,..,..,..,..,..
Liechtenstein,LIE,"Adult illiterate population, 15+ years, both sexes (number)",UIS.LP.AG15T99,..,..,..,..,..,..,..,..,..,..,..,..,..,..,..,..,..,..,..,..,..,..,..,..,..,..,..,..,..,..,..,..,..,..,..,..,..,..,..,..,..,..,..,..,..,..,..,..,..,..,..
Lithuania,LTU,"Adult illiterate population, 15+ years, both sexes (number)",UIS.LP.AG15T99,..,..,..,..,..,..,..,..,..,..,..,..,..,..,..,..,..,..,..,44417,..,..,..,..,..,..,..,..,..,..,..,9923,..,..,..,..,..,..,..,..,..,4852,..,..,..,..,..,..,..,..,..
Low & middle income,LMY,"Adult illiterate population, 15+ years, both sexes (number)",UIS.LP.AG15T99,..,..,..,..,..,774906671,792048659,806649624,814201283,822411838,834946909,840710432,846574273,851439703,856283687,862728471,868536204,870087926,836291483,841122992,852724422,850270624,849806109,852013748,853948929,855734762,857985208,793571960,760005190,761730878,771521284,773181858,773458896,766580972,763822743,781414264,780429780,784340341,774949298,772177694,763142516,763180056,753484340,755270221,745607770,747624207,734341597,732461498,741562439,738949715,..
Low income,LIC,"Adult illiterate population, 15+ years, both sexes (number)",UIS.LP.AG15T99,..,..,..,..,..,..,..,..,..,..,..,..,..,..,..,..,..,..,85168243,86904691,88702033,90995151,93422998,95814421,97863485,100492633,102420882,103687227,105161578,106899028,109189409,110616460,112346605,114566501,114150808,119645549,128083881,128345120,131102140,133524114,136279089,134337937,136767516,137699013,140412129,142748536,144446590,145954443,148960515,151871448,..
Lower middle income,LMC,"Adult illiterate population, 15+ years, both sexes (number)",UIS.LP.AG15T99,..,..,..,..,..,383774749,392703069,399219044,405992391,413126796,420439943,430280209,434015213,441416823,448108997,454958458,461669446,465580271,471168663,476529600,482292695,489275026,490098268,493590089,497246920,501494843,504828297,509043230,478316782,481708672,491845696,496466688,496316548,494214577,494515160,511448339,505109967,524175704,515412597,514361946,504216752,509505422,505001817,505825846,501530116,496624279,492406089,489137549,489440496,487547517,..
Luxembourg,LUX,"Adult illiterate population, 15+ years, both sexes (number)",UIS.LP.AG15T99,..,..,..,..,..,..,..,..,..,..,..,..,..,..,..,..,..,..,..,..,..,..,..,..,..,..,..,..,..,..,..,..,..,..,..,..,..,..,..,..,..,..,..,..,..,..,..,..,..,..,..
"Macao SAR, China",MAC,"Adult illiterate population, 15+ years, both sexes (number)",UIS.LP.AG15T99,..,..,..,..,..,..,..,..,..,..,..,19537,..,..,..,..,..,..,..,..,..,..,..,..,..,..,..,..,..,..,..,29801,..,..,..,..,27352,..,..,..,..,20952,..,..,..,..,18522,..,..,..,..
Madagascar,MDG,"Adult illiterate population, 15+ years, both sexes (number)",UIS.LP.AG15T99,..,..,..,..,..,..,..,..,..,..,..,..,..,..,..,..,..,..,..,..,..,..,..,..,..,..,..,..,..,..,2519929,..,..,..,..,4155445,..,..,..,4100127,..,..,3625400,..,..,..,..,..,3925972,..,..
Malawi,MWI,"Adult illiterate population, 15+ years, both sexes (number)",UIS.LP.AG15T99,..,..,..,..,..,..,..,..,..,..,..,..,..,..,..,..,..,2237871,..,..,..,..,..,..,..,..,..,..,2044429,..,..,..,..,..,..,..,..,..,..,..,3015805,..,..,..,3092135,3471192,..,..,..,..,..
Malaysia,MYS,"Adult illiterate population, 15+ years, both sexes (number)",UIS.LP.AG15T99,..,..,..,..,..,..,..,..,..,..,2529002,..,..,..,..,..,..,..,..,..,..,1991415,..,..,..,..,..,..,..,..,1744787,..,..,..,..,..,..,..,..,..,1388505,..,..,..,..,..,1183734,1160486,1233916,..,..
Maldives,MDV,"Adult illiterate population, 15+ years, both sexes (number)",UIS.LP.AG15T99,..,..,..,..,..,..,..,13898,..,..,..,..,..,..,..,7912,..,..,..,..,4664,..,..,..,..,4997,..,..,..,..,..,..,..,..,..,..,3681,..,..,..,..,..,..,..,4806,..,9047,..,..,..,..
Mali,MLI,"Adult illiterate population, 15+ years, both sexes (number)",UIS.LP.AG15T99,..,..,..,..,..,..,3384292,..,..,..,..,..,..,..,..,..,..,..,..,..,..,..,..,..,..,..,..,..,4469587,..,..,..,..,4839640,..,..,5145125,..,..,..,5400452,5595019,..,..,..,6040229,..,..,6422140,..,..
Malta,MLT,"Adult illiterate population, 15+ years, both sexes (number)",UIS.LP.AG15T99,..,..,..,..,..,..,..,..,..,..,..,..,..,..,..,34259,..,..,..,..,..,..,..,..,..,35653,..,..,..,..,..,..,..,..,..,25515,..,..,..,..,..,23818,..,..,..,..,..,..,20697,..,..
Marshall Islands,MHL,"Adult illiterate population, 15+ years, both sexes (number)",UIS.LP.AG15T99,..,..,..,..,..,..,..,..,..,..,..,..,..,..,..,..,..,..,..,..,..,..,..,..,..,..,..,..,..,..,..,..,..,..,..,..,..,..,..,..,..,588,..,..,..,..,..,..,..,..,..
Mauritania,MRT,"Adult illiterate population, 15+ years, both sexes (number)",UIS.LP.AG15T99,..,..,..,..,..,..,..,..,..,..,..,..,..,..,..,..,..,..,..,..,..,..,..,..,..,..,..,..,..,..,723227,..,..,..,..,..,..,1002006,..,..,..,..,..,..,..,..,..,1189674,..,..,..
Mauritius,MUS,"Adult illiterate population, 15+ years, both sexes (number)",UIS.LP.AG15T99,..,..,..,..,..,..,..,..,..,..,..,..,..,..,..,..,..,..,..,..,151047,..,..,..,..,..,..,..,..,..,138107,..,..,..,..,..,..,..,..,..,..,105706,81711,84966,75659,73867,69889,..,90364,..,..
Mayotte,MYT,"Adult illiterate population, 15+ years, both sexes (number)",UIS.LP.AG15T99,..,..,..,..,..,..,..,..,..,..,..,..,..,..,..,..,..,..,..,..,..,..,..,..,..,..,..,..,..,..,..,..,..,..,..,..,..,..,..,..,..,..,..,..,..,..,..,..,..,..,..
Mexico,MEX,"Adult illiterate population, 15+ years, both sexes (number)",UIS.LP.AG15T99,..,..,..,..,..,..,..,..,..,..,6355092,..,..,..,..,..,..,..,..,..,6338468,..,..,..,..,..,..,..,..,..,6148125,..,6588823,..,6379845,6039328,6057795,5398999,5424499,5149341,5572955,5321764,4813314,5136899,4707401,4869382,4598553,4570221,4272530,..,..
"Micronesia, Fed. Sts.",FSM,"Adult illiterate population, 15+ years, both sexes (number)",UIS.LP.AG15T99,..,..,..,..,..,..,..,..,..,..,..,..,..,..,..,..,..,..,..,..,..,..,..,..,..,..,..,..,..,..,..,..,..,..,..,..,..,..,..,..,..,..,..,..,..,..,..,..,..,..,..
Middle East & North Africa,MEA,"Adult illiterate population, 15+ years, both sexes (number)",UIS.LP.AG15T99,..,..,..,48294227,49312188,50349992,51395697,52375482,53347644,54347356,55343719,56343249,57317459,58422935,59248517,60067825,60708263,61517619,61991298,62528834,61044818,61192707,61591671,62224103,62673260,62158451,61965720,62195854,61941433,61849147,61788061,61428705,62435875,57206407,56940110,59757040,61179646,61678321,61724974,63672505,63196738,62606275,56518748,58459798,55131632,61399591,59318355,57237192,66132414,66249062,..
Middle East & North Africa (excluding high income),MNA,"Adult illiterate population, 15+ years, both sexes (number)",UIS.LP.AG15T99,..,..,45279534,46144096,47046834,47961239,48879675,49725093,50554813,51419628,52261248,53087137,53961923,54890030,55560712,56202621,56693471,57351689,57794832,58314537,56823899,56979798,57348513,57952449,58402096,57887432,57709400,57955598,57829643,57787495,57784371,57458164,58631878,53285784,53045576,55808552,57189035,57598375,57631247,59497176,58944795,59641880,53534452,55600933,52296855,58744347,56589143,54547844,63469896,63559141,..
Middle East & North Africa (IDA & IBRD countries),TMN,"Adult illiterate population, 15+ years, both sexes (number)",UIS.LP.AG15T99,..,..,45184346,46045589,46944751,47855658,48770888,49613220,50439823,51301292,52139225,52961202,53831598,54754968,55420740,56057653,56543220,57196053,57633538,58147089,56649706,56798315,57159142,57764195,58214687,57700641,57523465,57749161,57644815,57603983,57603017,57279971,58487920,53145159,52899907,55673950,57056929,57470257,57501845,59375110,58826107,59527443,53432369,55505469,52202373,58654147,56503034,54463881,63387179,63480024,..
Middle income,MIC,"Adult illiterate population, 15+ years, both sexes (number)",UIS.LP.AG15T99,..,..,..,..,..,707123977,722921548,736161543,742296875,749017114,760213887,764876070,769602472,773295666,776832715,781868891,786258907,786517895,751123240,754218301,764022389,759275472,756383112,756199327,756085444,755242129,755564326,689884734,654843612,654831850,662331875,662565398,661112291,652014471,649671934,661768716,652345899,655995220,643847158,638653580,626863427,628842119,616716824,617571208,605195642,604875671,589895007,586507055,592601924,587078267,..
Moldova,MDA,"Adult illiterate population, 15+ years, both sexes (number)",UIS.LP.AG15T99,..,..,..,..,..,..,..,..,..,..,..,..,..,..,..,..,..,..,..,113484,..,..,..,..,..,..,..,..,..,..,107504,..,..,..,55147,..,..,47011,..,31734,33279,..,29505,..,21965,..,..,..,..,..,..
Monaco,MCO,"Adult illiterate population, 15+ years, both sexes (number)",UIS.LP.AG15T99,..,..,..,..,..,..,..,..,..,..,..,..,..,..,..,..,..,..,..,..,..,..,..,..,..,..,..,..,..,..,..,..,..,..,..,..,..,..,..,..,..,..,..,..,..,..,..,..,..,..,..
Mongolia,MNG,"Adult illiterate population, 15+ years, both sexes (number)",UIS.LP.AG15T99,..,..,..,..,..,..,..,..,..,..,..,..,..,..,..,..,..,..,..,..,..,..,..,..,..,..,..,..,..,..,34858,..,..,..,..,..,..,..,..,..,34600,..,..,..,..,..,..,..,34789,..,..
Montenegro,MNE,"Adult illiterate population, 15+ years, both sexes (number)",UIS.LP.AG15T99,..,..,..,..,..,..,..,..,..,..,..,45043,..,..,..,..,..,..,..,..,..,29549,..,..,..,..,..,..,..,..,..,..,..,10880,..,..,..,..,..,..,..,7884,..,..,..,..,..,..,5920,..,..
Morocco,MAR,"Adult illiterate population, 15+ years, both sexes (number)",UIS.LP.AG15T99,..,..,..,..,..,..,..,..,..,..,..,..,8389696,..,..,..,..,..,..,..,..,..,..,..,9658679,..,..,..,..,..,..,..,..,..,9873948,..,..,..,10016938,9987689,..,7860689,7302340,..,..,..,..,..,6884539,..,..
Mozambique,MOZ,"Adult illiterate population, 15+ years, both sexes (number)",UIS.LP.AG15T99,..,..,..,..,..,..,..,..,..,..,4779863,..,..,..,..,..,..,..,..,..,..,..,..,..,..,..,..,5577550,..,..,..,..,..,5505218,..,..,..,..,..,6102083,..,..,..,..,..,6479346,..,6177964,..,..,..
Myanmar,MMR,"Adult illiterate population, 15+ years, both sexes (number)",UIS.LP.AG15T99,..,..,..,..,..,..,..,..,..,..,..,..,..,4676156,..,..,..,..,..,..,..,..,..,..,..,..,..,..,..,..,3155406,..,..,..,..,..,..,..,..,..,..,..,..,..,..,..,9360335,..,..,..,..
Namibia,NAM,"Adult illiterate population, 15+ years, both sexes (number)",UIS.LP.AG15T99,..,..,..,..,..,..,..,..,..,..,..,..,..,..,..,..,..,..,..,..,..,199509,..,..,..,..,..,..,..,..,..,160207,..,..,..,..,..,290916,..,..,..,158488,..,..,..,..,..,..,130873,..,..
Nauru,NRU,"Adult illiterate population, 15+ years, both sexes (number)",UIS.LP.AG15T99,..,..,..,..,..,..,..,..,..,..,..,..,..,..,..,..,..,..,..,..,..,..,..,..,..,..,..,..,..,..,..,..,..,..,..,..,..,..,..,..,..,..,..,..,..,..,..,..,..,..,..
Nepal,NPL,"Adult illiterate population, 15+ years, both sexes (number)",UIS.LP.AG15T99,..,..,..,..,..,..,..,..,..,..,..,7152899,..,..,..,..,..,..,..,..,..,7498266,..,..,..,..,..,..,..,..,..,7439342,..,..,..,..,..,..,..,..,..,7002103,..,..,..,..,..,..,6275174,..,..
Netherlands,NLD,"Adult illiterate population, 15+ years, both sexes (number)",UIS.LP.AG15T99,..,..,..,..,..,..,..,..,..,..,..,..,..,..,..,..,..,..,..,..,..,..,..,..,..,..,..,..,..,..,..,..,..,..,..,..,..,..,..,..,..,..,..,..,..,..,..,..,..,..,..
Netherlands Antilles,ANT,"Adult illiterate population, 15+ years, both sexes (number)",UIS.LP.AG15T99,..,..,..,..,..,..,..,..,..,..,..,..,..,..,..,..,..,..,..,..,..,..,..,..,..,..,..,..,..,..,..,..,..,..,..,..,..,..,..,..,..,..,..,..,..,..,..,..,..,..,..
New Caledonia,NCL,"Adult illiterate population, 15+ years, both sexes (number)",UIS.LP.AG15T99,..,..,..,..,..,..,7187,..,..,..,..,..,..,..,..,..,..,..,..,7761,..,..,..,..,..,..,5331,..,..,..,..,..,..,..,..,..,..,..,..,..,..,..,..,..,4422,..,..,..,..,..,..
New Zealand,NZL,"Adult illiterate population, 15+ years, both sexes (number)",UIS.LP.AG15T99,..,..,..,..,..,..,..,..,..,..,..,..,..,..,..,..,..,..,..,..,..,..,..,..,..,..,..,..,..,..,..,..,..,..,..,..,..,..,..,..,..,..,..,..,..,..,..,..,..,..,..
Nicaragua,NIC,"Adult illiterate population, 15+ years, both sexes (number)",UIS.LP.AG15T99,..,..,..,..,..,..,..,..,..,..,..,..,..,..,..,..,..,..,..,..,..,..,..,..,..,..,..,..,..,..,..,733487,..,..,..,762988,..,..,..,..,..,..,..,..,..,743547,..,..,..,..,..
Niger,NER,"Adult illiterate population, 15+ years, both sexes (number)",UIS.LP.AG15T99,..,..,..,..,..,..,..,..,..,..,..,..,..,..,..,..,..,..,..,..,..,..,..,..,..,..,..,..,..,..,..,5179088,..,..,..,4939676,..,..,..,..,..,..,6137993,..,..,..,..,..,7290605,..,..
Nigeria,NGA,"Adult illiterate population, 15+ years, both sexes (number)",UIS.LP.AG15T99,..,..,..,..,..,..,..,..,..,..,..,..,..,..,..,..,..,..,..,..,..,23849239,..,..,..,..,..,..,..,..,..,..,..,33385169,..,..,23862445,..,40965338,..,..,..,..,..,..,..,..,..,41763792,..,..
North America,NAC,"Adult illiterate population, 15+ years, both sexes (number)",UIS.LP.AG15T99,..,..,..,..,..,..,..,..,..,..,..,..,..,..,..,..,..,..,..,..,..,..,..,..,..,..,..,..,..,..,..,..,..,..,..,..,..,..,..,..,..,..,..,..,..,..,..,..,..,..,..
North Macedonia,MKD,"Adult illiterate population, 15+ years, both sexes (number)",UIS.LP.AG15T99,..,..,..,..,..,..,..,..,..,..,..,..,..,..,..,..,..,..,..,..,..,..,..,..,87669,..,..,..,..,..,..,..,62240,..,..,..,..,..,..,..,..,..,..,..,38832,..,..,..,..,..,..
Northern Mariana Islands,MNP,"Adult illiterate population, 15+ years, both sexes (number)",UIS.LP.AG15T99,..,..,..,..,..,..,..,..,..,..,..,..,..,..,..,..,..,..,..,..,..,..,..,..,..,..,..,..,..,..,..,..,..,..,..,..,..,..,..,..,..,..,..,..,..,..,..,..,..,..,..
Norway,NOR,"Adult illiterate population, 15+ years, both sexes (number)",UIS.LP.AG15T99,..,..,..,..,..,..,..,..,..,..,..,..,..,..,..,..,..,..,..,..,..,..,..,..,..,..,..,..,..,..,..,..,..,..,..,..,..,..,..,..,..,..,..,..,..,..,..,..,..,..,..
OECD members,OED,"Adult illiterate population, 15+ years, both sexes (number)",UIS.LP.AG15T99,..,..,..,..,..,..,..,..,..,..,..,..,..,..,..,..,..,..,..,..,..,..,..,..,..,..,..,..,..,..,..,..,..,..,..,..,..,..,..,..,..,..,..,..,..,..,..,..,..,..,..
Oman,OMN,"Adult illiterate population, 15+ years, both sexes (number)",UIS.LP.AG15T99,..,..,..,..,..,..,..,..,..,..,..,..,..,..,..,..,..,..,..,..,..,..,..,..,..,..,..,..,..,..,..,..,..,291489,..,..,..,..,269527,..,290239,..,..,..,217088,221154,178196,160634,161173,..,..
Other small states,OSS,"Adult illiterate population, 15+ years, both sexes (number)",UIS.LP.AG15T99,..,..,..,..,..,..,..,..,..,..,..,..,..,2520835,2566218,2616735,2662239,2698363,2723586,2746596,2781664,2796326,2803182,2794455,2828703,2841628,2824503,2818088,2781633,2775638,2822855,2801955,2752315,2718444,2741101,2725550,2883163,3146315,3063632,3281695,3312351,3272052,3298749,3294631,3288857,3074829,3167356,3191577,3209129,3211864,..
Pacific island small states,PSS,"Adult illiterate population, 15+ years, both sexes (number)",UIS.LP.AG15T99,..,..,..,..,..,..,..,..,..,..,..,..,..,..,..,..,..,..,..,..,130235,132496,132815,133136,133424,133778,134459,134097,134131,134154,134130,134586,134952,135471,135861,136714,137383,137491,137462,137391,137007,136845,136880,136906,137434,137794,137851,137864,139832,..,..
Pakistan,PAK,"Adult illiterate population, 15+ years, both sexes (number)",UIS.LP.AG15T99,..,..,..,..,..,..,..,..,..,..,..,34269771,..,..,..,..,..,..,..,..,..,..,..,..,..,..,..,..,44383454,..,..,..,..,..,..,47988035,45596970,48975721,47565448,49025601,49955343,51945113,51014826,53814463,53568492,..,..,54875788,..,..,..
Palau,PLW,"Adult illiterate population, 15+ years, both sexes (number)",UIS.LP.AG15T99,..,..,..,..,..,..,..,..,..,..,579,..,..,..,..,..,..,..,..,..,..,..,..,..,..,..,..,..,..,..,..,..,..,..,..,..,..,..,..,..,..,..,..,71,..,478,..,..,..,..,..
Panama,PAN,"Adult illiterate population, 15+ years, both sexes (number)",UIS.LP.AG15T99,..,..,..,..,..,..,..,..,..,..,139506,..,..,..,..,..,..,..,..,..,177789,..,..,..,..,..,..,..,..,..,166970,..,..,..,..,..,..,..,..,..,152427,..,..,..,..,..,..,..,139457,..,..
Papua New Guinea,PNG,"Adult illiterate population, 15+ years, both sexes (number)",UIS.LP.AG15T99,..,..,..,..,..,..,..,..,..,..,..,..,..,..,..,..,..,..,..,..,..,..,..,..,..,..,..,..,..,..,1506569,..,..,..,..,..,..,..,..,..,1730763,..,..,..,..,..,..,..,..,..,..
Paraguay,PRY,"Adult illiterate population, 15+ years, both sexes (number)",UIS.LP.AG15T99,..,..,..,..,..,..,..,..,..,..,..,..,420045,..,..,..,..,..,..,..,..,..,253707,..,..,..,..,..,..,..,..,..,248704,..,..,..,..,212605,268326,255761,256292,..,253015,220028,225519,205886,252874,..,293076,..,..
Peru,PER,"Adult illiterate population, 15+ years, both sexes (number)",UIS.LP.AG15T99,..,..,..,..,..,..,..,..,..,..,..,1886963,..,..,..,..,..,..,..,..,..,..,..,1868095,..,..,..,..,..,..,..,..,..,..,2297375,2270450,2159256,2011238,..,..,..,..,1301690,..,1369585,1287598,1320687,1362468,1334124,..,..
Philippines,PHL,"Adult illiterate population, 15+ years, both sexes (number)",UIS.LP.AG15T99,..,..,..,..,..,..,..,..,..,..,4490355,..,..,..,..,..,..,..,..,..,2348089,..,..,..,2486131,..,..,..,..,..,3551095,..,..,3827699,..,..,..,..,2691558,..,..,..,..,2386481,..,1256639,..,..,..,..,..
Poland,POL,"Adult illiterate population, 15+ years, both sexes (number)",UIS.LP.AG15T99,..,..,..,..,..,..,..,..,334875,..,..,..,..,..,..,..,..,..,353225,..,..,..,..,..,..,..,..,..,383198,..,..,..,..,..,..,..,..,..,407457,..,..,..,..,..,..,..,..,..,..,..,..
Portugal,PRT,"Adult illiterate population, 15+ years, both sexes (number)",UIS.LP.AG15T99,..,..,..,..,..,..,..,..,..,..,..,1507784,..,..,..,..,..,..,..,..,..,957766,..,..,..,..,..,..,..,..,..,832328,..,..,..,..,..,..,..,..,..,497433,..,..,..,..,..,..,342869,..,..
Post-demographic dividend,PST,"Adult illiterate population, 15+ years, both sexes (number)",UIS.LP.AG15T99,..,..,..,..,..,..,..,..,..,..,..,..,..,..,..,..,..,..,..,..,..,..,..,..,..,..,..,..,..,..,..,..,..,..,..,..,..,..,..,..,..,..,..,..,..,..,..,..,..,..,..
Pre-demographic dividend,PRE,"Adult illiterate population, 15+ years, both sexes (number)",UIS.LP.AG15T99,..,..,..,..,..,..,..,..,..,..,..,..,..,..,..,..,104141098,105231943,106816197,108341657,110163663,112125337,114970435,117280371,119595591,122448344,124014388,124855497,126436211,127508559,136009449,137012201,139077502,141979194,143349375,149478370,148750286,166888882,171831426,179730434,182593409,180951515,175662904,178536129,179245644,189530130,184383010,185679604,196487553,199972468,..
Puerto Rico,PRI,"Adult illiterate population, 15+ years, both sexes (number)",UIS.LP.AG15T99,..,..,..,..,..,..,..,..,..,..,280183,..,..,..,..,..,..,..,..,..,257425,..,..,..,..,..,..,..,..,..,..,..,..,..,..,..,..,..,..,..,228275,..,..,..,..,..,..,198796,..,..,..
Qatar,QAT,"Adult illiterate population, 15+ years, both sexes (number)",UIS.LP.AG15T99,..,..,..,..,..,..,..,..,..,..,..,..,..,..,..,..,68643,..,..,..,..,..,..,..,..,..,..,65739,..,..,..,..,..,..,77808,..,..,101677,111370,127143,132962,152568,187822,190364,184898,..,157265,153999,..,..,..
Romania,ROU,"Adult illiterate population, 15+ years, both sexes (number)",UIS.LP.AG15T99,..,..,..,..,..,..,..,..,..,..,..,..,..,..,..,..,..,..,..,..,..,..,592779,..,..,..,..,..,..,..,..,..,486485,..,..,..,..,..,..,..,..,239051,..,..,..,..,..,..,190378,..,..
Russian Federation,RUS,"Adult illiterate population, 15+ years, both sexes (number)",UIS.LP.AG15T99,..,..,..,..,..,..,..,..,..,..,..,..,..,..,..,..,..,..,..,2277252,..,..,..,..,..,..,..,..,..,..,..,..,673565,..,..,..,..,..,..,..,385179,..,..,..,..,..,..,..,322922,..,..
Rwanda,RWA,"Adult illiterate population, 15+ years, both sexes (number)",UIS.LP.AG15T99,..,..,..,..,..,..,..,..,1552679,..,..,..,..,..,..,..,..,..,..,..,..,..,..,..,..,..,..,..,..,..,1528343,..,..,..,..,..,..,..,..,..,1984585,..,1957309,..,1904404,..,..,..,1967627,..,..
Samoa,WSM,"Adult illiterate population, 15+ years, both sexes (number)",UIS.LP.AG15T99,..,..,..,..,..,..,..,..,..,..,..,..,..,..,..,..,..,..,..,..,..,2026,..,..,..,..,..,..,..,..,..,..,..,..,..,..,..,..,..,..,..,1191,..,..,..,..,..,..,1094,..,..
San Marino,SMR,"Adult illiterate population, 15+ years, both sexes (number)",UIS.LP.AG15T99,..,..,..,..,..,..,..,..,..,..,..,..,..,..,..,..,..,..,..,..,..,..,..,..,..,..,..,..,..,..,..,..,..,..,..,..,..,..,..,..,..,..,..,..,..,..,..,..,24,..,..
Sao Tome and Principe,STP,"Adult illiterate population, 15+ years, both sexes (number)",UIS.LP.AG15T99,..,..,..,..,..,..,..,..,..,..,..,21726,..,..,..,..,..,..,..,..,..,16891,..,..,..,..,..,..,..,..,..,12218,..,..,..,..,..,..,28915,..,..,..,10477,..,..,..,..,..,8713,..,..
Saudi Arabia,SAU,"Adult illiterate population, 15+ years, both sexes (number)",UIS.LP.AG15T99,..,..,..,..,..,..,..,..,..,..,..,..,..,..,..,..,..,..,..,..,..,..,2912053,..,..,..,..,..,..,..,2630449,..,..,..,2593626,..,..,..,..,..,..,..,..,1226497,..,..,..,1156748,..,..,..
Senegal,SEN,"Adult illiterate population, 15+ years, both sexes (number)",UIS.LP.AG15T99,..,..,..,..,..,..,..,..,..,..,..,..,..,..,..,..,..,..,2723468,..,..,..,..,..,..,..,..,..,..,..,..,..,3454439,..,..,..,3710475,..,..,3621670,..,3501077,..,4415677,..,..,..,4235765,..,..,..
Serbia,SRB,"Adult illiterate population, 15+ years, both sexes (number)",UIS.LP.AG15T99,..,..,..,..,..,..,..,..,..,..,..,..,..,..,..,..,..,..,..,..,..,..,..,..,..,..,..,..,..,..,..,..,..,268582,..,..,..,..,..,..,..,150997,..,..,..,..,85928,..,..,..,..
Seychelles,SYC,"Adult illiterate population, 15+ years, both sexes (number)",UIS.LP.AG15T99,..,..,..,..,..,..,..,..,..,..,..,..,..,..,..,..,..,7119,..,..,..,..,..,..,6245,..,..,..,..,..,..,..,5022,..,..,..,..,..,..,..,4269,..,..,..,..,..,..,..,3064,..,..
Sierra Leone,SLE,"Adult illiterate population, 15+ years, both sexes (number)",UIS.LP.AG15T99,..,..,..,..,..,..,..,..,..,..,..,..,..,..,..,..,..,..,..,..,..,..,..,..,..,..,..,..,..,..,..,..,..,..,1971079,..,..,..,..,..,..,..,..,2644136,..,..,..,..,2560844,..,..
Singapore,SGP,"Adult illiterate population, 15+ years, both sexes (number)",UIS.LP.AG15T99,..,..,..,..,..,..,..,..,..,..,300854,..,..,..,..,..,..,..,..,..,259191,..,..,..,..,..,..,..,..,..,239078,..,..,..,..,..,..,..,..,..,176425,166427,161837,156731,151515,148582,140165,134248,128380,..,..
Sint Maarten (Dutch part),SXM,"Adult illiterate population, 15+ years, both sexes (number)",UIS.LP.AG15T99,..,..,..,..,..,..,..,..,..,..,..,..,..,..,..,..,..,..,..,..,..,..,..,..,..,..,..,..,..,..,..,..,..,..,..,..,..,..,..,..,..,..,..,..,..,..,..,..,..,..,..
Slovak Republic,SVK,"Adult illiterate population, 15+ years, both sexes (number)",UIS.LP.AG15T99,..,..,..,..,..,..,..,..,..,..,..,..,..,..,..,..,..,..,..,..,..,..,..,..,..,..,..,..,..,..,..,..,..,..,..,..,..,..,..,..,..,..,..,..,..,..,..,..,..,..,..
Slovenia,SVN,"Adult illiterate population, 15+ years, both sexes (number)",UIS.LP.AG15T99,..,..,..,..,..,..,..,..,..,..,..,..,..,..,..,..,..,..,..,..,..,7602,..,..,..,..,..,..,..,..,..,..,..,..,6086,..,..,..,..,..,..,..,..,..,6283,..,..,..,..,..,..
Small states,SST,"Adult illiterate population, 15+ years, both sexes (number)",UIS.LP.AG15T99,..,..,..,..,..,..,..,..,..,..,..,..,..,..,..,..,3311574,3355064,3387539,3417313,3457394,3480814,3493667,3490247,3530039,3539726,3520635,3511187,3466596,3479412,3499453,3472458,3416933,3377477,3394166,3371445,3527658,3768435,3679325,3893225,3916807,3871896,3903180,3901263,3891899,3678526,3772770,3799039,3820441,3828217,..
Solomon Islands,SLB,"Adult illiterate population, 15+ years, both sexes (number)",UIS.LP.AG15T99,..,..,..,..,..,..,..,..,..,..,..,..,..,..,..,..,..,..,..,..,..,..,..,..,..,..,..,..,..,54521,..,..,..,..,..,..,..,..,..,72047,..,..,..,..,..,..,..,..,..,..,..
Somalia,SOM,"Adult illiterate population, 15+ years, both sexes (number)",UIS.LP.AG15T99,..,..,1862491,..,..,..,..,..,..,..,..,..,..,..,..,..,..,..,..,..,..,..,..,..,..,..,..,..,..,..,..,..,..,..,..,..,..,..,..,..,..,..,..,..,..,..,..,..,..,..,..
South Africa,ZAF,"Adult illiterate population, 15+ years, both sexes (number)",UIS.LP.AG15T99,..,..,..,..,..,..,..,..,..,..,4027565,..,..,..,..,..,..,..,..,..,..,..,..,..,..,..,4689448,..,..,..,..,..,..,..,..,..,..,3826607,..,2508834,2557009,2517695,2327737,..,2252306,2201035,..,5229114,..,..,..
South Asia,SAS,"Adult illiterate population, 15+ years, both sexes (number)",UIS.LP.AG15T99,..,..,..,..,..,302002099,309429288,314183440,319247048,324567532,329953819,338081098,339799057,344674980,349684960,354831367,359297398,364069474,368476551,372878067,377490600,384492454,384585867,387143042,391265783,395335637,398981583,402592478,371646046,374611676,377317911,382184278,381591203,382267874,383761294,394721529,396839418,400907021,389595915,389408476,378732832,379490275,379421643,378282905,377052606,372974456,363336808,361163373,360372703,357345701,..
South Asia (IDA & IBRD),TSA,"Adult illiterate population, 15+ years, both sexes (number)",UIS.LP.AG15T99,..,..,..,..,..,302002099,309429288,314183440,319247048,324567532,329953819,338081098,339799057,344674980,349684960,354831367,359297398,364069474,368476551,372878067,377490600,384492454,384585867,387143042,391265783,395335637,398981583,402592478,371646046,374611676,377317911,382184278,381591203,382267874,383761294,394721529,396839418,400907021,389595915,389408476,378732832,379490275,379421643,378282905,377052606,372974456,363336808,361163373,360372703,357345701,..
South Sudan,SSD,"Adult illiterate population, 15+ years, both sexes (number)",UIS.LP.AG15T99,..,..,..,..,..,..,..,..,..,..,..,..,..,..,..,..,..,..,..,..,..,..,..,..,..,..,..,..,..,..,..,..,..,..,..,..,..,..,3576644,..,..,..,..,..,..,..,..,..,4181233,..,..
Spain,ESP,"Adult illiterate population, 15+ years, both sexes (number)",UIS.LP.AG15T99,..,..,..,..,..,..,..,..,..,..,..,2031778,..,..,..,..,..,..,..,..,..,1111024,..,..,..,..,..,..,..,..,..,..,..,..,1051932,847753,860606,802109,931368,921203,899346,886547,841414,766767,758861,737614,695469,..,622751,..,..
Sri Lanka,LKA,"Adult illiterate population, 15+ years, both sexes (number)",UIS.LP.AG15T99,..,..,..,..,..,..,..,..,..,..,..,1299169,..,..,..,..,..,..,..,..,..,..,..,..,..,..,..,..,..,..,..,1297502,..,..,..,..,1340598,..,1398799,..,1327746,..,..,..,..,..,1201554,1290189,1330811,..,..
St. Kitts and Nevis,KNA,"Adult illiterate population, 15+ years, both sexes (number)",UIS.LP.AG15T99,..,..,..,..,..,..,..,..,..,..,..,..,..,..,..,..,..,..,..,..,..,..,..,..,..,..,..,..,..,..,..,..,..,..,..,..,..,..,..,..,..,..,..,..,..,..,..,..,..,..,..
St. Lucia,LCA,"Adult illiterate population, 15+ years, both sexes (number)",UIS.LP.AG15T99,..,..,..,..,..,..,..,..,..,..,..,..,..,..,..,..,..,..,..,..,..,..,..,..,..,..,..,..,..,..,..,..,..,..,..,..,..,..,..,..,..,..,..,..,..,..,..,..,..,..,..
St. Martin (French part),MAF,"Adult illiterate population, 15+ years, both sexes (number)",UIS.LP.AG15T99,..,..,..,..,..,..,..,..,..,..,..,..,..,..,..,..,..,..,..,..,..,..,..,..,..,..,..,..,..,..,..,..,..,..,..,..,..,..,..,..,..,..,..,..,..,..,..,..,..,..,..
St. Vincent and the Grenadines,VCT,"Adult illiterate population, 15+ years, both sexes (number)",UIS.LP.AG15T99,1989,..,..,..,..,..,..,..,..,..,..,..,..,..,..,..,..,..,..,..,..,..,..,..,..,..,..,..,..,..,..,..,..,..,..,..,..,..,..,..,..,..,..,..,..,..,..,..,..,..,..
Sub-Saharan Africa,SSF,"Adult illiterate population, 15+ years, both sexes (number)",UIS.LP.AG15T99,..,..,..,..,..,..,..,..,..,..,..,..,..,..,..,122596932,125023485,126875895,129198122,131569923,133755412,136372339,139089968,141473459,143415346,146892093,148703152,149994085,151993979,153500910,162623544,163584007,166020047,168899307,167176329,176247230,175574509,191561607,196549734,198545500,201576515,199480128,199361649,200940279,203303373,206160042,208263886,213238627,216576688,220616085,..
Sub-Saharan Africa (excluding high income),SSA,"Adult illiterate population, 15+ years, both sexes (number)",UIS.LP.AG15T99,..,..,..,..,..,..,..,..,..,..,..,..,..,..,..,122434479,124862661,126716555,129040430,131413689,133598249,136218341,138936727,141321201,143263758,146741618,148554219,149845695,151847248,153356049,162480362,163443449,165881663,168763807,167043456,176116812,175446252,191435273,196434711,198432431,201465345,199370460,199276110,200851617,203224149,206082748,208190689,213142838,216483260,220525027,..
Sub-Saharan Africa (IDA & IBRD countries),TSS,"Adult illiterate population, 15+ years, both sexes (number)",UIS.LP.AG15T99,..,..,..,..,..,..,..,..,..,..,..,..,..,..,..,122596932,125023485,126875895,129198122,131569923,133755412,136372339,139089968,141473459,143415346,146892093,148703152,149994085,151993979,153500910,162623544,163584007,166020047,168899307,167176329,176247230,175574509,191561607,196549734,198545500,201576515,199480128,199361649,200940279,203303373,206160042,208263886,213238627,216576688,220616085,..
Sudan,SDN,"Adult illiterate population, 15+ years, both sexes (number)",UIS.LP.AG15T99,..,..,..,..,..,..,..,..,..,..,..,..,..,..,..,..,..,..,..,..,..,..,..,..,..,..,..,..,..,..,5852992,..,..,..,..,..,..,..,8780495,..,..,..,..,..,..,..,..,..,9773917,..,..
Suriname,SUR,"Adult illiterate population, 15+ years, both sexes (number)",UIS.LP.AG15T99,..,..,..,..,..,..,..,..,..,..,..,..,..,..,..,..,..,..,..,..,..,..,..,..,..,..,..,..,..,..,..,..,..,..,35096,..,..,..,19403,..,19869,..,27288,..,..,..,..,..,23562,..,..
Sweden,SWE,"Adult illiterate population, 15+ years, both sexes (number)",UIS.LP.AG15T99,..,..,..,..,..,..,..,..,..,..,..,..,..,..,..,..,..,..,..,..,..,..,..,..,..,..,..,..,..,..,..,..,..,..,..,..,..,..,..,..,..,..,..,..,..,..,..,..,..,..,..
Switzerland,CHE,"Adult illiterate population, 15+ years, both sexes (number)",UIS.LP.AG15T99,..,..,..,..,..,..,..,..,..,..,..,..,..,..,..,..,..,..,..,..,..,..,..,..,..,..,..,..,..,..,..,..,..,..,..,..,..,..,..,..,..,..,..,..,..,..,..,..,..,..,..
Syrian Arab Republic,SYR,"Adult illiterate population, 15+ years, both sexes (number)",UIS.LP.AG15T99,..,..,..,..,..,..,..,..,..,..,..,2107634,..,..,..,..,..,..,..,..,..,..,..,..,..,..,..,..,..,..,..,..,1762147,..,2070544,..,..,..,..,..,..,..,..,..,..,..,..,..,..,..,..
Tajikistan,TJK,"Adult illiterate population, 15+ years, both sexes (number)",UIS.LP.AG15T99,..,..,..,..,..,..,..,..,..,..,..,..,..,..,..,..,..,..,..,66998,..,..,..,..,..,..,..,..,..,..,19632,..,..,..,..,..,..,..,..,..,..,..,..,..,12752,..,..,..,..,..,..
Tanzania,TZA,"Adult illiterate population, 15+ years, both sexes (number)",UIS.LP.AG15T99,..,..,..,..,..,..,..,..,..,..,..,..,..,..,..,..,..,..,5176562,..,..,..,..,..,..,..,..,..,..,..,..,..,5914949,..,..,..,..,..,..,..,7817802,..,5627943,..,..,6240144,..,..,..,..,..
Thailand,THA,"Adult illiterate population, 15+ years, both sexes (number)",UIS.LP.AG15T99,..,..,..,..,..,..,..,..,..,..,3437920,..,..,..,..,..,..,..,..,..,..,..,..,..,..,..,..,..,..,..,3513448,..,..,..,..,3341985,..,..,..,..,1938175,..,..,3498982,..,4021175,..,..,3589297,..,..
Timor-Leste,TLS,"Adult illiterate population, 15+ years, both sexes (number)",UIS.LP.AG15T99,..,..,..,..,..,..,..,..,..,..,..,..,..,..,..,..,..,..,..,..,..,..,..,..,..,..,..,..,..,..,..,309703,..,..,..,..,..,286370,..,..,261936,..,..,..,..,..,..,..,251931,..,..
Togo,TGO,"Adult illiterate population, 15+ years, both sexes (number)",UIS.LP.AG15T99,..,..,..,..,..,..,..,..,..,..,..,..,..,..,..,..,..,..,..,..,..,..,..,..,..,..,..,..,..,..,1305977,..,..,..,..,..,1414231,..,..,1530585,..,1479297,..,..,..,1521926,..,..,..,..,..
Tokelau,TKL,"Adult illiterate population, 15+ years, both sexes (number)",UIS.LP.AG15T99,..,..,..,..,..,..,..,..,..,..,..,..,..,..,..,..,..,..,..,..,..,..,..,..,..,..,..,..,..,..,..,..,..,..,..,..,..,..,..,..,..,..,..,..,..,..,..,..,..,..,..
Tonga,TON,"Adult illiterate population, 15+ years, both sexes (number)",UIS.LP.AG15T99,..,..,..,..,..,..,201,..,..,..,..,..,..,..,..,..,..,..,..,..,..,..,..,..,..,..,636,..,..,..,..,..,..,..,..,..,617,..,..,..,..,400,..,..,..,..,..,..,390,..,..
Trinidad and Tobago,TTO,"Adult illiterate population, 15+ years, both sexes (number)",UIS.LP.AG15T99,..,..,..,..,..,..,..,..,..,..,36022,..,..,..,..,..,..,..,..,..,25771,..,..,..,..,..,..,..,..,..,19648,..,..,..,..,..,..,..,..,..,13546,..,..,..,..,..,..,..,..,..,..
Tunisia,TUN,"Adult illiterate population, 15+ years, both sexes (number)",UIS.LP.AG15T99,..,..,..,..,..,..,..,..,..,..,..,..,..,..,2235478,..,..,..,..,..,..,..,..,..,..,..,..,..,..,..,..,..,..,..,1902861,..,..,1780108,1769174,..,1703354,1680254,1648981,..,1774318,..,..,..,..,..,..
Turkey,TUR,"Adult illiterate population, 15+ years, both sexes (number)",UIS.LP.AG15T99,..,..,..,..,..,9080519,..,..,..,..,9193624,..,..,..,..,7406409,..,..,..,..,7299870,..,..,..,..,..,..,..,..,..,..,..,..,..,6091978,5793821,5941999,5765797,..,4828445,3939674,3228104,2838773,2704984,2655978,2613724,2326361,2379552,..,..,..
Turkmenistan,TKM,"Adult illiterate population, 15+ years, both sexes (number)",UIS.LP.AG15T99,..,..,..,..,..,..,..,..,..,..,..,..,..,..,..,..,..,..,..,..,..,..,..,..,..,31173,..,..,..,..,..,..,..,..,..,..,..,..,..,..,..,..,..,..,12472,..,..,..,..,..,..
Turks and Caicos Islands,TCA,"Adult illiterate population, 15+ years, both sexes (number)",UIS.LP.AG15T99,..,..,..,..,..,..,..,..,..,..,..,..,..,..,..,..,..,..,..,..,..,..,..,..,..,..,..,..,..,..,..,..,..,..,..,..,..,..,..,..,..,..,..,..,..,..,..,..,..,..,..
Tuvalu,TUV,"Adult illiterate population, 15+ years, both sexes (number)",UIS.LP.AG15T99,..,..,..,..,..,..,..,..,..,..,..,..,..,..,..,..,..,..,..,..,..,..,..,..,..,..,..,..,..,..,..,..,..,..,..,..,..,..,..,..,..,..,..,..,..,..,..,..,..,..,..
Uganda,UGA,"Adult illiterate population, 15+ years, both sexes (number)",UIS.LP.AG15T99,..,..,..,..,..,..,..,..,..,..,..,..,..,..,..,..,..,..,..,..,..,4055323,..,..,..,..,..,..,..,..,..,..,4008477,..,..,..,4116329,..,..,..,4416184,..,5280914,..,..,..,..,..,5322655,..,..
Ukraine,UKR,"Adult illiterate population, 15+ years, both sexes (number)",UIS.LP.AG15T99,..,..,..,..,..,..,..,..,..,..,..,..,..,..,..,..,..,..,..,..,..,..,..,..,..,..,..,..,..,..,..,229346,..,..,..,..,..,..,..,..,..,..,9948,..,..,..,..,..,..,..,..
United Arab Emirates,ARE,"Adult illiterate population, 15+ years, both sexes (number)",UIS.LP.AG15T99,..,..,..,..,..,182891,..,..,..,..,..,..,..,..,..,267082,..,..,..,..,..,..,..,..,..,..,..,..,..,..,..,..,..,..,..,375096,..,..,..,..,..,..,..,..,..,538502,..,..,..,..,..
United Kingdom,GBR,"Adult illiterate population, 15+ years, both sexes (number)",UIS.LP.AG15T99,..,..,..,..,..,..,..,..,..,..,..,..,..,..,..,..,..,..,..,..,..,..,..,..,..,..,..,..,..,..,..,..,..,..,..,..,..,..,..,..,..,..,..,..,..,..,..,..,..,..,..
United States,USA,"Adult illiterate population, 15+ years, both sexes (number)",UIS.LP.AG15T99,..,..,..,..,..,..,..,..,..,..,..,..,..,..,..,..,..,..,..,..,..,..,..,..,..,..,..,..,..,..,..,..,..,..,..,..,..,..,..,..,..,..,..,..,..,..,..,..,..,..,..
Upper middle income,UMC,"Adult illiterate population, 15+ years, both sexes (number)",UIS.LP.AG15T99,..,..,..,..,..,..,330218479,336942499,336304484,335890318,339773944,334595861,335587259,331878843,328723717,326910433,324589460,320937624,279954577,277688701,281729694,270000446,266284844,262609238,258838524,253747286,250736029,180841503,176526829,173123178,170486179,166098710,164795743,157799894,155156774,150320377,147235931,131819516,128434561,124291634,122646675,119336696,111715007,111745362,103665526,108251393,97488918,97369506,103161428,99530750,..
Uruguay,URY,"Adult illiterate population, 15+ years, both sexes (number)",UIS.LP.AG15T99,..,..,..,..,..,125770,..,..,..,..,..,..,..,..,..,101855,..,..,..,..,..,..,..,..,..,..,78467,..,..,..,..,..,..,..,..,..,56482,54969,47336,44974,50343,43756,42430,43522,41833,39717,38911,37650,35459,..,..
Uzbekistan,UZB,"Adult illiterate population, 15+ years, both sexes (number)",UIS.LP.AG15T99,..,..,..,..,..,..,..,..,..,..,..,..,..,..,..,..,..,..,..,..,..,..,..,..,..,..,..,..,..,..,211258,..,..,..,..,..,..,..,..,..,..,..,..,1099,4248,3594,3036,..,1662,..,..
Vanuatu,VUT,"Adult illiterate population, 15+ years, both sexes (number)",UIS.LP.AG15T99,..,..,..,..,..,..,..,..,..,29398,..,..,..,..,29613,..,..,..,..,..,..,..,..,..,29252,..,..,..,..,..,..,..,..,..,26500,..,..,..,..,..,..,..,..,..,24762,..,..,..,22361,..,..
"Venezuela, RB",VEN,"Adult illiterate population, 15+ years, both sexes (number)",UIS.LP.AG15T99,..,..,..,..,..,..,..,..,..,..,..,1406481,..,..,..,..,..,..,..,..,1239129,..,..,..,..,..,..,..,..,..,..,1149031,..,..,..,..,..,912185,..,877967,..,1063884,..,..,..,731479,615388,..,..,..,..
Vietnam,VNM,"Adult illiterate population, 15+ years, both sexes (number)",UIS.LP.AG15T99,..,..,..,..,..,..,..,..,..,4985417,..,..,..,..,..,..,..,..,..,5083938,..,..,..,..,..,..,..,..,..,5166513,5371206,..,..,..,..,..,..,..,..,4269844,..,..,..,..,..,..,..,..,3669981,..,..
Virgin Islands (U.S.),VIR,"Adult illiterate population, 15+ years, both sexes (number)",UIS.LP.AG15T99,..,..,..,..,..,..,..,..,..,..,..,..,..,..,..,..,..,..,..,..,..,..,..,..,..,..,..,..,..,..,..,..,..,..,..,..,..,..,..,..,..,..,..,..,..,..,..,..,..,..,..
West Bank and Gaza,PSE,"Adult illiterate population, 15+ years, both sexes (number)",UIS.LP.AG15T99,..,..,..,..,..,..,..,..,..,..,..,..,..,..,..,..,..,..,..,..,..,..,..,..,..,..,..,206436,..,..,..,..,..,..,145669,..,132106,128118,129402,122066,118688,114437,102083,95464,94482,90200,86109,..,82717,..,..
World,WLD,"Adult illiterate population, 15+ years, both sexes (number)",UIS.LP.AG15T99,..,..,..,..,..,..,867233231,881541947,888752854,896616460,909145074,913696037,919164928,923350649,927508819,933345629,938567815,938851335,900671968,904397267,915206753,911539056,911801319,912873050,913521709,914070380,915192055,849188946,815448107,815694843,825266370,826116598,823952793,815808086,811810984,830173901,826535829,830543527,818338507,816050134,808099724,805241587,794411289,795465775,783210233,784165430,770151200,767654157,775838276,772638692,..
"Yemen, Rep.",YEM,"Adult illiterate population, 15+ years, both sexes (number)",UIS.LP.AG15T99,..,..,..,..,..,..,..,..,..,..,..,..,..,..,..,..,..,..,..,..,..,..,..,..,4448334,..,..,..,..,..,..,..,..,..,4781367,..,..,..,..,..,..,..,..,..,..,..,..,..,..,..,..
Zambia,ZMB,"Adult illiterate population, 15+ years, both sexes (number)",UIS.LP.AG15T99,..,..,..,..,..,..,..,..,..,..,..,..,..,..,..,..,..,..,..,..,1479284,..,..,..,..,..,..,..,..,1741803,..,..,1684973,..,..,..,..,2553140,..,..,1214763,..,..,..,..,..,..,..,1266166,..,..
Zimbabwe,ZWE,"Adult illiterate population, 15+ years, both sexes (number)",UIS.LP.AG15T99,..,..,..,..,..,..,..,..,..,..,..,..,894214,..,..,..,..,..,..,..,..,..,980298,..,..,..,..,..,..,..,..,..,..,..,..,..,..,..,..,..,..,1231458,..,..,884232,..,..,..,..,..,..
,,,,,,,,,,,,,,,,,,,,,,,,,,,,,,,,,,,,,,,,,,,,,,,,,,,,,,
,,,,,,,,,,,,,,,,,,,,,,,,,,,,,,,,,,,,,,,,,,,,,,,,,,,,,,
,,,,,,,,,,,,,,,,,,,,,,,,,,,,,,,,,,,,,,,,,,,,,,,,,,,,,,
Data from database: Education Statistics - All Indicators,,,,,,,,,,,,,,,,,,,,,,,,,,,,,,,,,,,,,,,,,,,,,,,,,,,,,,
Last Updated: 12/20/2020,,,,,,,,,,,,,,,,,,,,,,,,,,,,,,,,,,,,,,,,,,,,,,,,,,,,,,
